0 verbose cli /data/data/com.termux/files/usr/bin/node /data/data/com.termux/files/usr/bin/npm
1 info using npm@11.13.0
2 info using node@v25.8.2
3 silly config load:file:/data/data/com.termux/files/usr/lib/node_modules/npm/npmrc
4 silly config load:file:/data/data/com.termux/files/home/MyApp/.npmrc
5 silly config load:file:/data/data/com.termux/files/home/.npmrc
6 silly config load:file:/data/data/com.termux/files/usr/etc/npmrc
7 verbose title npm install react-native
8 verbose argv "install" "--save" "--save-exact" "react-native"
9 verbose logfile logs-max:10 dir:/data/data/com.termux/files/home/.npm/_logs/2026-05-02T23_27_19_205Z-
10 verbose logfile /data/data/com.termux/files/home/.npm/_logs/2026-05-02T23_27_19_205Z-debug-0.log
11 silly logfile done cleaning log files
12 silly packumentCache heap:1174405120 maxSize:293601280 maxEntrySize:146800640
13 silly idealTree buildDeps
14 silly fetch manifest react-native@*
15 silly packumentCache full:https://registry.npmjs.org/react-native cache-miss
16 http fetch GET 200 https://registry.npmjs.org/react-native 438ms (cache miss)
17 silly packumentCache full:https://registry.npmjs.org/react-native set size:undefined disposed:false
18 silly fetch manifest @react-native/jest-preset@0.85.2
19 silly packumentCache full:https://registry.npmjs.org/@react-native%2fjest-preset cache-miss
20 http fetch GET 200 https://registry.npmjs.org/@react-native%2fjest-preset 66ms (cache miss)
21 silly packumentCache full:https://registry.npmjs.org/@react-native%2fjest-preset set size:undefined disposed:false
22 silly fetch manifest react@^19.2.3
23 silly packumentCache full:https://registry.npmjs.org/react cache-miss
24 http fetch GET 200 https://registry.npmjs.org/react 160ms (cache miss)
25 silly packumentCache full:https://registry.npmjs.org/react set size:undefined disposed:false
26 silly fetch manifest @types/react@^19.1.1
27 silly packumentCache full:https://registry.npmjs.org/@types%2freact cache-miss
28 http fetch GET 200 https://registry.npmjs.org/@types%2freact 100ms (cache miss)
29 silly packumentCache full:https://registry.npmjs.org/@types%2freact set size:undefined disposed:false
30 silly placeDep ROOT react-native@0.85.2 OK for: MyApp@0.0.1 want: *
31 silly placeDep ROOT react@19.2.5 OK for: react-native@0.85.2 want: ^19.2.3
32 silly fetch manifest ws@^7.5.10
33 silly packumentCache full:https://registry.npmjs.org/ws cache-miss
34 silly fetch manifest anser@^1.4.9
35 silly packumentCache full:https://registry.npmjs.org/anser cache-miss
36 silly fetch manifest yargs@^17.6.2
37 silly packumentCache full:https://registry.npmjs.org/yargs cache-miss
38 silly fetch manifest semver@^7.1.3
39 silly packumentCache full:https://registry.npmjs.org/semver cache-miss
40 silly fetch manifest promise@^8.3.0
41 silly packumentCache full:https://registry.npmjs.org/promise cache-miss
42 silly fetch manifest base64-js@^1.5.1
43 silly packumentCache full:https://registry.npmjs.org/base64-js cache-miss
44 silly fetch manifest commander@^12.0.0
45 silly packumentCache full:https://registry.npmjs.org/commander cache-miss
46 http cache https://registry.npmjs.org/semver 9ms (cache hit)
47 silly packumentCache full:https://registry.npmjs.org/semver set size:229571 disposed:false
48 silly fetch manifest invariant@^2.2.4
49 silly packumentCache full:https://registry.npmjs.org/invariant cache-miss
50 http fetch GET 200 https://registry.npmjs.org/ws 58ms (cache miss)
51 silly packumentCache full:https://registry.npmjs.org/ws set size:undefined disposed:false
52 silly fetch manifest scheduler@0.27.0
53 silly packumentCache full:https://registry.npmjs.org/scheduler cache-miss
54 http fetch GET 200 https://registry.npmjs.org/invariant 133ms (cache miss)
55 silly packumentCache full:https://registry.npmjs.org/invariant set size:undefined disposed:false
56 silly fetch manifest ansi-regex@^5.0.0
57 silly packumentCache full:https://registry.npmjs.org/ansi-regex cache-miss
58 http cache https://registry.npmjs.org/ansi-regex 2ms (cache hit)
59 silly packumentCache full:https://registry.npmjs.org/ansi-regex set size:43572 disposed:false
60 silly fetch manifest nullthrows@^1.1.1
61 silly packumentCache full:https://registry.npmjs.org/nullthrows cache-miss
62 http fetch GET 200 https://registry.npmjs.org/anser 161ms (cache miss)
63 silly packumentCache full:https://registry.npmjs.org/anser set size:undefined disposed:false
64 silly fetch manifest tinyglobby@^0.2.15
65 silly packumentCache full:https://registry.npmjs.org/tinyglobby cache-miss
66 http fetch GET 200 https://registry.npmjs.org/base64-js 163ms (cache miss)
67 silly packumentCache full:https://registry.npmjs.org/base64-js set size:undefined disposed:false
68 silly fetch manifest memoize-one@^5.0.0
69 silly packumentCache full:https://registry.npmjs.org/memoize-one cache-miss
70 http fetch GET 200 https://registry.npmjs.org/promise 165ms (cache miss)
71 silly packumentCache full:https://registry.npmjs.org/promise set size:undefined disposed:false
72 silly fetch manifest whatwg-fetch@^3.0.0
73 silly packumentCache full:https://registry.npmjs.org/whatwg-fetch cache-miss
74 http fetch GET 200 https://registry.npmjs.org/commander 183ms (cache miss)
75 silly packumentCache full:https://registry.npmjs.org/commander set size:undefined disposed:false
76 silly fetch manifest metro-runtime@^0.84.0
77 silly packumentCache full:https://registry.npmjs.org/metro-runtime cache-miss
78 http fetch GET 200 https://registry.npmjs.org/tinyglobby 50ms (cache miss)
79 silly packumentCache full:https://registry.npmjs.org/tinyglobby set size:undefined disposed:false
80 silly fetch manifest pretty-format@^29.7.0
81 silly packumentCache full:https://registry.npmjs.org/pretty-format cache-miss
82 http fetch GET 200 https://registry.npmjs.org/nullthrows 67ms (cache miss)
83 silly packumentCache full:https://registry.npmjs.org/nullthrows set size:undefined disposed:false
84 silly fetch manifest react-refresh@^0.14.0
85 silly packumentCache full:https://registry.npmjs.org/react-refresh cache-miss
86 http fetch GET 200 https://registry.npmjs.org/yargs 217ms (cache miss)
87 silly packumentCache full:https://registry.npmjs.org/yargs set size:undefined disposed:false
88 silly fetch manifest hermes-compiler@250829098.0.10
89 silly packumentCache full:https://registry.npmjs.org/hermes-compiler cache-miss
90 http fetch GET 200 https://registry.npmjs.org/memoize-one 63ms (cache miss)
91 silly packumentCache full:https://registry.npmjs.org/memoize-one set size:undefined disposed:false
92 silly fetch manifest abort-controller@^3.0.0
93 silly packumentCache full:https://registry.npmjs.org/abort-controller cache-miss
94 http fetch GET 200 https://registry.npmjs.org/whatwg-fetch 65ms (cache miss)
95 silly packumentCache full:https://registry.npmjs.org/whatwg-fetch set size:undefined disposed:false
96 silly fetch manifest metro-source-map@^0.84.0
97 silly packumentCache full:https://registry.npmjs.org/metro-source-map cache-miss
98 http fetch GET 200 https://registry.npmjs.org/metro-runtime 52ms (cache miss)
99 silly packumentCache full:https://registry.npmjs.org/metro-runtime set size:undefined disposed:false
100 silly fetch manifest stacktrace-parser@^0.1.10
101 silly packumentCache full:https://registry.npmjs.org/stacktrace-parser cache-miss
102 http fetch GET 200 https://registry.npmjs.org/scheduler 183ms (cache miss)
103 silly packumentCache full:https://registry.npmjs.org/scheduler set size:undefined disposed:false
104 silly fetch manifest flow-enums-runtime@^0.0.6
105 silly packumentCache full:https://registry.npmjs.org/flow-enums-runtime cache-miss
106 http fetch GET 200 https://registry.npmjs.org/hermes-compiler 60ms (cache miss)
107 silly packumentCache full:https://registry.npmjs.org/hermes-compiler set size:undefined disposed:false
108 silly fetch manifest react-devtools-core@^6.1.5
109 silly packumentCache full:https://registry.npmjs.org/react-devtools-core cache-miss
110 http fetch GET 200 https://registry.npmjs.org/abort-controller 65ms (cache miss)
111 silly packumentCache full:https://registry.npmjs.org/abort-controller set size:undefined disposed:false
112 silly fetch manifest regenerator-runtime@^0.13.2
113 silly packumentCache full:https://registry.npmjs.org/regenerator-runtime cache-miss
114 http fetch GET 200 https://registry.npmjs.org/stacktrace-parser 55ms (cache miss)
115 silly packumentCache full:https://registry.npmjs.org/stacktrace-parser set size:undefined disposed:false
116 silly fetch manifest @react-native/codegen@0.85.2
117 silly packumentCache full:https://registry.npmjs.org/@react-native%2fcodegen cache-miss
118 http fetch GET 200 https://registry.npmjs.org/flow-enums-runtime 46ms (cache miss)
119 silly packumentCache full:https://registry.npmjs.org/flow-enums-runtime set size:undefined disposed:false
120 silly fetch manifest @react-native/js-polyfills@0.85.2
121 silly packumentCache full:https://registry.npmjs.org/@react-native%2fjs-polyfills cache-miss
122 http fetch GET 200 https://registry.npmjs.org/metro-source-map 81ms (cache miss)
123 silly packumentCache full:https://registry.npmjs.org/metro-source-map set size:undefined disposed:false
124 silly fetch manifest @react-native/gradle-plugin@0.85.2
125 silly packumentCache full:https://registry.npmjs.org/@react-native%2fgradle-plugin cache-miss
126 http fetch GET 200 https://registry.npmjs.org/pretty-format 103ms (cache miss)
127 silly packumentCache full:https://registry.npmjs.org/pretty-format set size:undefined disposed:false
128 silly fetch manifest @react-native/assets-registry@0.85.2
129 silly packumentCache full:https://registry.npmjs.org/@react-native%2fassets-registry cache-miss
130 http fetch GET 200 https://registry.npmjs.org/regenerator-runtime 58ms (cache miss)
131 silly packumentCache full:https://registry.npmjs.org/regenerator-runtime set size:undefined disposed:false
132 silly fetch manifest @react-native/normalize-colors@0.85.2
133 silly packumentCache full:https://registry.npmjs.org/@react-native%2fnormalize-colors cache-miss
134 http fetch GET 200 https://registry.npmjs.org/react-devtools-core 79ms (cache miss)
135 silly packumentCache full:https://registry.npmjs.org/react-devtools-core set size:undefined disposed:false
136 silly fetch manifest @react-native/virtualized-lists@0.85.2
137 silly packumentCache full:https://registry.npmjs.org/@react-native%2fvirtualized-lists cache-miss
138 http fetch GET 200 https://registry.npmjs.org/@react-native%2fjs-polyfills 117ms (cache miss)
139 silly packumentCache full:https://registry.npmjs.org/@react-native%2fjs-polyfills set size:undefined disposed:false
140 silly fetch manifest babel-plugin-syntax-hermes-parser@0.33.3
141 silly packumentCache full:https://registry.npmjs.org/babel-plugin-syntax-hermes-parser cache-miss
142 http fetch GET 200 https://registry.npmjs.org/@react-native%2fcodegen 137ms (cache miss)
143 silly packumentCache full:https://registry.npmjs.org/@react-native%2fcodegen set size:undefined disposed:false
144 silly fetch manifest @react-native/community-cli-plugin@0.85.2
145 silly packumentCache full:https://registry.npmjs.org/@react-native%2fcommunity-cli-plugin cache-miss
146 http fetch GET 200 https://registry.npmjs.org/react-refresh 250ms (cache miss)
147 silly packumentCache full:https://registry.npmjs.org/react-refresh set size:undefined disposed:false
148 http fetch GET 200 https://registry.npmjs.org/babel-plugin-syntax-hermes-parser 79ms (cache miss)
149 silly packumentCache full:https://registry.npmjs.org/babel-plugin-syntax-hermes-parser set size:undefined disposed:false
150 http fetch GET 200 https://registry.npmjs.org/@react-native%2fassets-registry 195ms (cache miss)
151 silly packumentCache full:https://registry.npmjs.org/@react-native%2fassets-registry set size:undefined disposed:false
152 http fetch GET 200 https://registry.npmjs.org/@react-native%2fgradle-plugin 211ms (cache miss)
153 silly packumentCache full:https://registry.npmjs.org/@react-native%2fgradle-plugin set size:undefined disposed:false
154 http fetch GET 200 https://registry.npmjs.org/@react-native%2fnormalize-colors 190ms (cache miss)
155 silly packumentCache full:https://registry.npmjs.org/@react-native%2fnormalize-colors set size:undefined disposed:false
156 http fetch GET 200 https://registry.npmjs.org/@react-native%2fvirtualized-lists 203ms (cache miss)
157 silly packumentCache full:https://registry.npmjs.org/@react-native%2fvirtualized-lists set size:undefined disposed:false
158 http fetch GET 200 https://registry.npmjs.org/@react-native%2fcommunity-cli-plugin 140ms (cache miss)
159 silly packumentCache full:https://registry.npmjs.org/@react-native%2fcommunity-cli-plugin set size:undefined disposed:false
160 silly fetch manifest bufferutil@^4.0.1
161 silly packumentCache full:https://registry.npmjs.org/bufferutil cache-miss
162 http fetch GET 200 https://registry.npmjs.org/bufferutil 47ms (cache miss)
163 silly packumentCache full:https://registry.npmjs.org/bufferutil set size:undefined disposed:false
164 silly fetch manifest utf-8-validate@^5.0.2
165 silly packumentCache full:https://registry.npmjs.org/utf-8-validate cache-miss
166 http fetch GET 200 https://registry.npmjs.org/utf-8-validate 62ms (cache miss)
167 silly packumentCache full:https://registry.npmjs.org/utf-8-validate set size:undefined disposed:false
168 silly fetch manifest react-native@0.85.2
169 silly packumentCache full:https://registry.npmjs.org/react-native cache-miss
170 http cache https://registry.npmjs.org/react-native 19ms (cache hit)
171 silly packumentCache full:https://registry.npmjs.org/react-native set size:15211685 disposed:false
172 silly fetch manifest @react-native-community/cli@*
173 silly packumentCache full:https://registry.npmjs.org/@react-native-community%2fcli cache-miss
174 http fetch GET 200 https://registry.npmjs.org/@react-native-community%2fcli 118ms (cache miss)
175 silly packumentCache full:https://registry.npmjs.org/@react-native-community%2fcli set size:undefined disposed:false
176 silly fetch manifest @react-native/metro-config@0.85.2
177 silly packumentCache full:https://registry.npmjs.org/@react-native%2fmetro-config cache-miss
178 http fetch GET 200 https://registry.npmjs.org/@react-native%2fmetro-config 112ms (cache miss)
179 silly packumentCache full:https://registry.npmjs.org/@react-native%2fmetro-config set size:undefined disposed:false
180 silly placeDep ROOT @react-native/assets-registry@0.85.2 OK for: react-native@0.85.2 want: 0.85.2
181 silly placeDep ROOT @react-native/codegen@0.85.2 OK for: react-native@0.85.2 want: 0.85.2
182 silly placeDep ROOT @react-native/community-cli-plugin@0.85.2 OK for: react-native@0.85.2 want: 0.85.2
183 silly placeDep ROOT @react-native/gradle-plugin@0.85.2 OK for: react-native@0.85.2 want: 0.85.2
184 silly placeDep ROOT @react-native/js-polyfills@0.85.2 OK for: react-native@0.85.2 want: 0.85.2
185 silly placeDep ROOT @react-native/normalize-colors@0.85.2 OK for: react-native@0.85.2 want: 0.85.2
186 silly placeDep ROOT @react-native/virtualized-lists@0.85.2 OK for: react-native@0.85.2 want: 0.85.2
187 silly placeDep ROOT abort-controller@3.0.0 OK for: react-native@0.85.2 want: ^3.0.0
188 silly placeDep ROOT anser@1.4.10 OK for: react-native@0.85.2 want: ^1.4.9
189 silly placeDep ROOT ansi-regex@5.0.1 OK for: react-native@0.85.2 want: ^5.0.0
190 silly placeDep ROOT babel-plugin-syntax-hermes-parser@0.33.3 OK for: react-native@0.85.2 want: 0.33.3
191 silly placeDep ROOT base64-js@1.5.1 OK for: react-native@0.85.2 want: ^1.5.1
192 silly placeDep ROOT commander@12.1.0 OK for: react-native@0.85.2 want: ^12.0.0
193 silly placeDep ROOT flow-enums-runtime@0.0.6 OK for: react-native@0.85.2 want: ^0.0.6
194 silly placeDep ROOT hermes-compiler@250829098.0.10 OK for: react-native@0.85.2 want: 250829098.0.10
195 silly placeDep ROOT invariant@2.2.4 OK for: react-native@0.85.2 want: ^2.2.4
196 silly placeDep ROOT memoize-one@5.2.1 OK for: react-native@0.85.2 want: ^5.0.0
197 silly placeDep ROOT metro-runtime@0.84.4 OK for: react-native@0.85.2 want: ^0.84.0
198 silly placeDep ROOT metro-source-map@0.84.4 OK for: react-native@0.85.2 want: ^0.84.0
199 silly placeDep ROOT nullthrows@1.1.1 OK for: react-native@0.85.2 want: ^1.1.1
200 silly placeDep ROOT pretty-format@29.7.0 OK for: react-native@0.85.2 want: ^29.7.0
201 silly placeDep ROOT promise@8.3.0 OK for: react-native@0.85.2 want: ^8.3.0
202 silly placeDep ROOT react-devtools-core@6.1.5 OK for: react-native@0.85.2 want: ^6.1.5
203 silly placeDep ROOT react-refresh@0.14.2 OK for: react-native@0.85.2 want: ^0.14.0
204 silly placeDep ROOT regenerator-runtime@0.13.11 OK for: react-native@0.85.2 want: ^0.13.2
205 silly placeDep ROOT scheduler@0.27.0 OK for: react-native@0.85.2 want: 0.27.0
206 silly placeDep ROOT semver@7.7.4 OK for: react-native@0.85.2 want: ^7.1.3
207 silly placeDep ROOT stacktrace-parser@0.1.11 OK for: react-native@0.85.2 want: ^0.1.10
208 silly placeDep ROOT tinyglobby@0.2.16 OK for: react-native@0.85.2 want: ^0.2.15
209 silly placeDep ROOT whatwg-fetch@3.6.20 OK for: react-native@0.85.2 want: ^3.0.0
210 silly placeDep ROOT ws@7.5.10 OK for: react-native@0.85.2 want: ^7.5.10
211 silly placeDep ROOT yargs@17.7.2 OK for: react-native@0.85.2 want: ^17.6.2
212 silly fetch manifest @babel/core@^7.25.2
213 silly packumentCache full:https://registry.npmjs.org/@babel%2fcore cache-miss
214 silly fetch manifest @babel/parser@^7.29.0
215 silly packumentCache full:https://registry.npmjs.org/@babel%2fparser cache-miss
216 silly fetch manifest hermes-parser@0.33.3
217 silly packumentCache full:https://registry.npmjs.org/hermes-parser cache-miss
218 silly fetch manifest debug@^4.4.0
219 silly packumentCache full:https://registry.npmjs.org/debug cache-miss
220 silly fetch manifest metro@^0.84.0
221 silly packumentCache full:https://registry.npmjs.org/metro cache-miss
222 silly fetch manifest metro-core@^0.84.0
223 silly packumentCache full:https://registry.npmjs.org/metro-core cache-miss
224 silly fetch manifest metro-config@^0.84.0
225 silly packumentCache full:https://registry.npmjs.org/metro-config cache-miss
226 http fetch GET 200 https://registry.npmjs.org/hermes-parser 58ms (cache miss)
227 silly packumentCache full:https://registry.npmjs.org/hermes-parser set size:undefined disposed:false
228 silly fetch manifest @react-native/dev-middleware@0.85.2
229 silly packumentCache full:https://registry.npmjs.org/@react-native%2fdev-middleware cache-miss
230 http fetch GET 200 https://registry.npmjs.org/debug 62ms (cache miss)
231 silly packumentCache full:https://registry.npmjs.org/debug set size:undefined disposed:false
232 silly fetch manifest event-target-shim@^5.0.0
233 silly packumentCache full:https://registry.npmjs.org/event-target-shim cache-miss
234 http fetch GET 200 https://registry.npmjs.org/metro-config 65ms (cache miss)
235 silly packumentCache full:https://registry.npmjs.org/metro-config set size:undefined disposed:false
236 silly fetch manifest loose-envify@^1.0.0
237 silly packumentCache full:https://registry.npmjs.org/loose-envify cache-miss
238 http fetch GET 200 https://registry.npmjs.org/metro-core 72ms (cache miss)
239 silly packumentCache full:https://registry.npmjs.org/metro-core set size:undefined disposed:false
240 silly fetch manifest @babel/runtime@^7.25.0
241 silly packumentCache full:https://registry.npmjs.org/@babel%2fruntime cache-miss
242 http fetch GET 200 https://registry.npmjs.org/@babel%2fcore 77ms (cache miss)
243 silly packumentCache full:https://registry.npmjs.org/@babel%2fcore set size:undefined disposed:false
244 silly fetch manifest @babel/traverse@^7.29.0
245 silly packumentCache full:https://registry.npmjs.org/@babel%2ftraverse cache-miss
246 http fetch GET 200 https://registry.npmjs.org/metro 94ms (cache miss)
247 silly packumentCache full:https://registry.npmjs.org/metro set size:undefined disposed:false
248 silly fetch manifest @babel/types@^7.29.0
249 silly packumentCache full:https://registry.npmjs.org/@babel%2ftypes cache-miss
250 http fetch GET 200 https://registry.npmjs.org/@babel%2fparser 103ms (cache miss)
251 silly packumentCache full:https://registry.npmjs.org/@babel%2fparser set size:undefined disposed:false
252 silly fetch manifest metro-symbolicate@0.84.4
253 silly packumentCache full:https://registry.npmjs.org/metro-symbolicate cache-miss
254 http fetch GET 200 https://registry.npmjs.org/loose-envify 48ms (cache miss)
255 silly packumentCache full:https://registry.npmjs.org/loose-envify set size:undefined disposed:false
256 silly fetch manifest ob1@0.84.4
257 silly packumentCache full:https://registry.npmjs.org/ob1 cache-miss
258 http fetch GET 200 https://registry.npmjs.org/event-target-shim 63ms (cache miss)
259 silly packumentCache full:https://registry.npmjs.org/event-target-shim set size:undefined disposed:false
260 silly fetch manifest source-map@^0.5.6
261 silly packumentCache full:https://registry.npmjs.org/source-map cache-miss
262 http fetch GET 200 https://registry.npmjs.org/@babel%2ftraverse 80ms (cache miss)
263 silly packumentCache full:https://registry.npmjs.org/@babel%2ftraverse set size:undefined disposed:false
264 silly fetch manifest vlq@^1.0.0
265 silly packumentCache full:https://registry.npmjs.org/vlq cache-miss
266 http fetch GET 200 https://registry.npmjs.org/metro-symbolicate 61ms (cache miss)
267 silly packumentCache full:https://registry.npmjs.org/metro-symbolicate set size:undefined disposed:false
268 silly fetch manifest react-is@^18.0.0
269 silly packumentCache full:https://registry.npmjs.org/react-is cache-miss
270 http fetch GET 200 https://registry.npmjs.org/ob1 56ms (cache miss)
271 silly packumentCache full:https://registry.npmjs.org/ob1 set size:undefined disposed:false
272 silly fetch manifest ansi-styles@^5.0.0
273 silly packumentCache full:https://registry.npmjs.org/ansi-styles cache-miss
274 http cache https://registry.npmjs.org/ansi-styles 3ms (cache hit)
275 silly packumentCache full:https://registry.npmjs.org/ansi-styles set size:63233 disposed:false
276 silly fetch manifest @jest/schemas@^29.6.3
277 silly packumentCache full:https://registry.npmjs.org/@jest%2fschemas cache-miss
278 http fetch GET 200 https://registry.npmjs.org/@babel%2ftypes 82ms (cache miss)
279 silly packumentCache full:https://registry.npmjs.org/@babel%2ftypes set size:undefined disposed:false
280 silly fetch manifest asap@~2.0.6
281 silly packumentCache full:https://registry.npmjs.org/asap cache-miss
282 http fetch GET 200 https://registry.npmjs.org/@react-native%2fdev-middleware 130ms (cache miss)
283 silly packumentCache full:https://registry.npmjs.org/@react-native%2fdev-middleware set size:undefined disposed:false
284 silly fetch manifest ws@^7
285 silly packumentCache full:https://registry.npmjs.org/ws cache-miss
286 http fetch GET 200 https://registry.npmjs.org/source-map 75ms (cache miss)
287 silly packumentCache full:https://registry.npmjs.org/source-map set size:undefined disposed:false
288 silly fetch manifest shell-quote@^1.6.1
289 silly packumentCache full:https://registry.npmjs.org/shell-quote cache-miss
290 http cache https://registry.npmjs.org/ws 15ms (cache hit)
291 silly packumentCache full:https://registry.npmjs.org/ws set size:415737 disposed:false
292 silly fetch manifest type-fest@^0.7.1
293 silly packumentCache full:https://registry.npmjs.org/type-fest cache-miss
294 http fetch GET 200 https://registry.npmjs.org/vlq 54ms (cache miss)
295 silly packumentCache full:https://registry.npmjs.org/vlq set size:undefined disposed:false
296 silly fetch manifest fdir@^6.5.0
297 silly packumentCache full:https://registry.npmjs.org/fdir cache-miss
298 http fetch GET 200 https://registry.npmjs.org/asap 47ms (cache miss)
299 silly packumentCache full:https://registry.npmjs.org/asap set size:undefined disposed:false
300 silly fetch manifest picomatch@^4.0.4
301 silly packumentCache full:https://registry.npmjs.org/picomatch cache-miss
302 http fetch GET 200 https://registry.npmjs.org/@babel%2fruntime 160ms (cache miss)
303 silly packumentCache full:https://registry.npmjs.org/@babel%2fruntime set size:undefined disposed:false
304 silly fetch manifest y18n@^5.0.5
305 silly packumentCache full:https://registry.npmjs.org/y18n cache-miss
306 http fetch GET 200 https://registry.npmjs.org/@jest%2fschemas 74ms (cache miss)
307 silly packumentCache full:https://registry.npmjs.org/@jest%2fschemas set size:undefined disposed:false
308 silly fetch manifest cliui@^8.0.1
309 silly packumentCache full:https://registry.npmjs.org/cliui cache-miss
310 http fetch GET 200 https://registry.npmjs.org/shell-quote 52ms (cache miss)
311 silly packumentCache full:https://registry.npmjs.org/shell-quote set size:undefined disposed:false
312 silly fetch manifest escalade@^3.1.1
313 silly packumentCache full:https://registry.npmjs.org/escalade cache-miss
314 http fetch GET 200 https://registry.npmjs.org/fdir 60ms (cache miss)
315 silly packumentCache full:https://registry.npmjs.org/fdir set size:undefined disposed:false
316 silly fetch manifest string-width@^4.2.3
317 silly packumentCache full:https://registry.npmjs.org/string-width cache-miss
318 http fetch GET 200 https://registry.npmjs.org/type-fest 67ms (cache miss)
319 silly packumentCache full:https://registry.npmjs.org/type-fest set size:undefined disposed:false
320 silly fetch manifest yargs-parser@^21.1.1
321 silly packumentCache full:https://registry.npmjs.org/yargs-parser cache-miss
322 http fetch GET 200 https://registry.npmjs.org/picomatch 63ms (cache miss)
323 silly packumentCache full:https://registry.npmjs.org/picomatch set size:undefined disposed:false
324 silly fetch manifest get-caller-file@^2.0.5
325 silly packumentCache full:https://registry.npmjs.org/get-caller-file cache-miss
326 http fetch GET 200 https://registry.npmjs.org/y18n 52ms (cache miss)
327 silly packumentCache full:https://registry.npmjs.org/y18n set size:undefined disposed:false
328 silly fetch manifest require-directory@^2.1.1
329 silly packumentCache full:https://registry.npmjs.org/require-directory cache-miss
330 http fetch GET 200 https://registry.npmjs.org/escalade 47ms (cache miss)
331 silly packumentCache full:https://registry.npmjs.org/escalade set size:undefined disposed:false
332 http fetch GET 200 https://registry.npmjs.org/cliui 55ms (cache miss)
333 silly packumentCache full:https://registry.npmjs.org/cliui set size:undefined disposed:false
334 http fetch GET 200 https://registry.npmjs.org/string-width 52ms (cache miss)
335 silly packumentCache full:https://registry.npmjs.org/string-width set size:undefined disposed:false
336 http fetch GET 200 https://registry.npmjs.org/yargs-parser 58ms (cache miss)
337 silly packumentCache full:https://registry.npmjs.org/yargs-parser set size:undefined disposed:false
338 http fetch GET 200 https://registry.npmjs.org/require-directory 51ms (cache miss)
339 silly packumentCache full:https://registry.npmjs.org/require-directory set size:undefined disposed:false
340 http fetch GET 200 https://registry.npmjs.org/get-caller-file 56ms (cache miss)
341 silly packumentCache full:https://registry.npmjs.org/get-caller-file set size:undefined disposed:false
342 http fetch GET 200 https://registry.npmjs.org/react-is 203ms (cache miss)
343 silly packumentCache full:https://registry.npmjs.org/react-is set size:undefined disposed:false
344 silly placeDep ROOT @babel/core@7.29.0 OK for: @react-native/codegen@0.85.2 want: ^7.25.2
345 silly placeDep ROOT @babel/parser@7.29.3 OK for: @react-native/codegen@0.85.2 want: ^7.29.0
346 silly placeDep ROOT hermes-parser@0.33.3 OK for: @react-native/codegen@0.85.2 want: 0.33.3
347 silly fetch manifest debug@^4.1.0
348 silly packumentCache full:https://registry.npmjs.org/debug cache-miss
349 silly fetch manifest json5@^2.2.3
350 silly packumentCache full:https://registry.npmjs.org/json5 cache-miss
351 silly fetch manifest semver@^6.3.1
352 silly packumentCache full:https://registry.npmjs.org/semver cache-hit
353 silly fetch manifest gensync@^1.0.0-beta.2
354 silly packumentCache full:https://registry.npmjs.org/gensync cache-miss
355 silly fetch manifest @babel/helpers@^7.28.6
356 silly packumentCache full:https://registry.npmjs.org/@babel%2fhelpers cache-miss
357 silly fetch manifest @babel/template@^7.28.6
358 silly packumentCache full:https://registry.npmjs.org/@babel%2ftemplate cache-miss
359 silly fetch manifest @babel/generator@^7.29.0
360 silly packumentCache full:https://registry.npmjs.org/@babel%2fgenerator cache-miss
361 silly fetch manifest @babel/code-frame@^7.29.0
362 silly packumentCache full:https://registry.npmjs.org/@babel%2fcode-frame cache-miss
363 http cache https://registry.npmjs.org/debug 7ms (cache hit)
364 silly packumentCache full:https://registry.npmjs.org/debug set size:195840 disposed:false
365 silly fetch manifest convert-source-map@^2.0.0
366 silly packumentCache full:https://registry.npmjs.org/convert-source-map cache-miss
367 http fetch GET 200 https://registry.npmjs.org/gensync 55ms (cache miss)
368 silly packumentCache full:https://registry.npmjs.org/gensync set size:undefined disposed:false
369 silly fetch manifest @jridgewell/remapping@^2.3.5
370 silly packumentCache full:https://registry.npmjs.org/@jridgewell%2fremapping cache-miss
371 http fetch GET 200 https://registry.npmjs.org/json5 58ms (cache miss)
372 silly packumentCache full:https://registry.npmjs.org/json5 set size:undefined disposed:false
373 silly fetch manifest @babel/helper-module-transforms@^7.28.6
374 silly packumentCache full:https://registry.npmjs.org/@babel%2fhelper-module-transforms cache-miss
375 http fetch GET 200 https://registry.npmjs.org/convert-source-map 51ms (cache miss)
376 silly packumentCache full:https://registry.npmjs.org/convert-source-map set size:undefined disposed:false
377 silly fetch manifest @babel/helper-compilation-targets@^7.28.6
378 silly packumentCache full:https://registry.npmjs.org/@babel%2fhelper-compilation-targets cache-miss
379 http fetch GET 200 https://registry.npmjs.org/@babel%2fcode-frame 66ms (cache miss)
380 silly packumentCache full:https://registry.npmjs.org/@babel%2fcode-frame set size:undefined disposed:false
381 silly fetch manifest hermes-estree@0.33.3
382 silly packumentCache full:https://registry.npmjs.org/hermes-estree cache-miss
383 http fetch GET 200 https://registry.npmjs.org/@babel%2ftemplate 67ms (cache miss)
384 silly packumentCache full:https://registry.npmjs.org/@babel%2ftemplate set size:undefined disposed:false
385 http fetch GET 200 https://registry.npmjs.org/@babel%2fhelpers 72ms (cache miss)
386 silly packumentCache full:https://registry.npmjs.org/@babel%2fhelpers set size:undefined disposed:false
387 http fetch GET 200 https://registry.npmjs.org/@babel%2fgenerator 85ms (cache miss)
388 silly packumentCache full:https://registry.npmjs.org/@babel%2fgenerator set size:undefined disposed:false
389 http fetch GET 200 https://registry.npmjs.org/@jridgewell%2fremapping 58ms (cache miss)
390 silly packumentCache full:https://registry.npmjs.org/@jridgewell%2fremapping set size:undefined disposed:false
391 http fetch GET 200 https://registry.npmjs.org/hermes-estree 47ms (cache miss)
392 silly packumentCache full:https://registry.npmjs.org/hermes-estree set size:undefined disposed:false
393 http fetch GET 200 https://registry.npmjs.org/@babel%2fhelper-module-transforms 73ms (cache miss)
394 silly packumentCache full:https://registry.npmjs.org/@babel%2fhelper-module-transforms set size:undefined disposed:false
395 http fetch GET 200 https://registry.npmjs.org/@babel%2fhelper-compilation-targets 74ms (cache miss)
396 silly packumentCache full:https://registry.npmjs.org/@babel%2fhelper-compilation-targets set size:undefined disposed:false
397 silly fetch manifest @babel/core@^7.0.0
398 silly packumentCache full:https://registry.npmjs.org/@babel%2fcore cache-miss
399 http cache https://registry.npmjs.org/@babel%2fcore 10ms (cache hit)
400 silly packumentCache full:https://registry.npmjs.org/@babel%2fcore set size:764052 disposed:false
401 silly placeDep ROOT @babel/code-frame@7.29.0 OK for: @babel/core@7.29.0 want: ^7.29.0
402 silly placeDep ROOT @babel/generator@7.29.1 OK for: @babel/core@7.29.0 want: ^7.29.0
403 silly placeDep ROOT @babel/helper-compilation-targets@7.28.6 OK for: @babel/core@7.29.0 want: ^7.28.6
404 silly placeDep ROOT @babel/helper-module-transforms@7.28.6 OK for: @babel/core@7.29.0 want: ^7.28.6
405 silly placeDep ROOT @babel/helpers@7.29.2 OK for: @babel/core@7.29.0 want: ^7.28.6
406 silly placeDep ROOT @babel/template@7.28.6 OK for: @babel/core@7.29.0 want: ^7.28.6
407 silly placeDep ROOT @babel/traverse@7.29.0 OK for: @babel/core@7.29.0 want: ^7.29.0
408 silly placeDep ROOT @babel/types@7.29.0 OK for: @babel/core@7.29.0 want: ^7.29.0
409 silly placeDep ROOT @jridgewell/remapping@2.3.5 OK for: @babel/core@7.29.0 want: ^2.3.5
410 silly placeDep ROOT convert-source-map@2.0.0 OK for: @babel/core@7.29.0 want: ^2.0.0
411 silly placeDep ROOT debug@4.4.3 OK for: @babel/core@7.29.0 want: ^4.1.0
412 silly placeDep ROOT gensync@1.0.0-beta.2 OK for: @babel/core@7.29.0 want: ^1.0.0-beta.2
413 silly placeDep ROOT json5@2.2.3 OK for: @babel/core@7.29.0 want: ^2.2.3
414 silly placeDep node_modules/@babel/core semver@6.3.1 OK for: @babel/core@7.29.0 want: ^6.3.1
415 silly fetch manifest js-tokens@^4.0.0
416 silly packumentCache full:https://registry.npmjs.org/js-tokens cache-miss
417 silly fetch manifest picocolors@^1.1.1
418 silly packumentCache full:https://registry.npmjs.org/picocolors cache-miss
419 silly fetch manifest @babel/helper-validator-identifier@^7.28.5
420 silly packumentCache full:https://registry.npmjs.org/@babel%2fhelper-validator-identifier cache-miss
421 silly fetch manifest jsesc@^3.0.2
422 silly packumentCache full:https://registry.npmjs.org/jsesc cache-miss
423 silly fetch manifest @jridgewell/gen-mapping@^0.3.12
424 silly packumentCache full:https://registry.npmjs.org/@jridgewell%2fgen-mapping cache-miss
425 silly fetch manifest @jridgewell/trace-mapping@^0.3.28
426 silly packumentCache full:https://registry.npmjs.org/@jridgewell%2ftrace-mapping cache-miss
427 silly fetch manifest lru-cache@^5.1.1
428 silly packumentCache full:https://registry.npmjs.org/lru-cache cache-miss
429 http fetch GET 200 https://registry.npmjs.org/picocolors 45ms (cache miss)
430 silly packumentCache full:https://registry.npmjs.org/picocolors set size:undefined disposed:false
431 silly fetch manifest browserslist@^4.24.0
432 silly packumentCache full:https://registry.npmjs.org/browserslist cache-miss
433 http fetch GET 200 https://registry.npmjs.org/jsesc 46ms (cache miss)
434 silly packumentCache full:https://registry.npmjs.org/jsesc set size:undefined disposed:false
435 silly fetch manifest @babel/compat-data@^7.28.6
436 silly packumentCache full:https://registry.npmjs.org/@babel%2fcompat-data cache-miss
437 http fetch GET 200 https://registry.npmjs.org/js-tokens 49ms (cache miss)
438 silly packumentCache full:https://registry.npmjs.org/js-tokens set size:undefined disposed:false
439 silly fetch manifest @babel/helper-validator-option@^7.27.1
440 silly packumentCache full:https://registry.npmjs.org/@babel%2fhelper-validator-option cache-miss
441 http fetch GET 200 https://registry.npmjs.org/@babel%2fhelper-validator-identifier 73ms (cache miss)
442 silly packumentCache full:https://registry.npmjs.org/@babel%2fhelper-validator-identifier set size:undefined disposed:false
443 silly fetch manifest @babel/traverse@^7.28.6
444 silly packumentCache full:https://registry.npmjs.org/@babel%2ftraverse cache-miss
445 http fetch GET 200 https://registry.npmjs.org/@jridgewell%2fgen-mapping 74ms (cache miss)
446 silly packumentCache full:https://registry.npmjs.org/@jridgewell%2fgen-mapping set size:undefined disposed:false
447 silly fetch manifest @babel/helper-module-imports@^7.28.6
448 silly packumentCache full:https://registry.npmjs.org/@babel%2fhelper-module-imports cache-miss
449 http fetch GET 200 https://registry.npmjs.org/@jridgewell%2ftrace-mapping 75ms (cache miss)
450 silly packumentCache full:https://registry.npmjs.org/@jridgewell%2ftrace-mapping set size:undefined disposed:false
451 silly fetch manifest @babel/types@^7.28.6
452 silly packumentCache full:https://registry.npmjs.org/@babel%2ftypes cache-miss
453 http fetch GET 200 https://registry.npmjs.org/lru-cache 78ms (cache miss)
454 silly packumentCache full:https://registry.npmjs.org/lru-cache set size:undefined disposed:false
455 silly fetch manifest debug@^4.3.1
456 silly packumentCache full:https://registry.npmjs.org/debug cache-hit
457 silly fetch manifest @babel/helper-globals@^7.28.0
458 silly packumentCache full:https://registry.npmjs.org/@babel%2fhelper-globals cache-miss
459 http cache https://registry.npmjs.org/@babel%2ftypes 8ms (cache hit)
460 silly packumentCache full:https://registry.npmjs.org/@babel%2ftypes set size:489931 disposed:false
461 silly fetch manifest @babel/helper-string-parser@^7.27.1
462 silly packumentCache full:https://registry.npmjs.org/@babel%2fhelper-string-parser cache-miss
463 http cache https://registry.npmjs.org/@babel%2ftraverse 12ms (cache hit)
464 silly packumentCache full:https://registry.npmjs.org/@babel%2ftraverse set size:550946 disposed:false
465 silly fetch manifest @jridgewell/gen-mapping@^0.3.5
466 silly packumentCache full:https://registry.npmjs.org/@jridgewell%2fgen-mapping cache-miss
467 http cache https://registry.npmjs.org/@jridgewell%2fgen-mapping 2ms (cache hit)
468 silly packumentCache full:https://registry.npmjs.org/@jridgewell%2fgen-mapping set size:80719 disposed:false
469 silly fetch manifest @jridgewell/trace-mapping@^0.3.24
470 silly packumentCache full:https://registry.npmjs.org/@jridgewell%2ftrace-mapping cache-miss
471 http cache https://registry.npmjs.org/@jridgewell%2ftrace-mapping 1ms (cache hit)
472 silly packumentCache full:https://registry.npmjs.org/@jridgewell%2ftrace-mapping set size:170909 disposed:false
473 silly fetch manifest ms@^2.1.3
474 silly packumentCache full:https://registry.npmjs.org/ms cache-miss
475 http fetch GET 200 https://registry.npmjs.org/@babel%2fhelper-validator-option 66ms (cache miss)
476 silly packumentCache full:https://registry.npmjs.org/@babel%2fhelper-validator-option set size:undefined disposed:false
477 http fetch GET 200 https://registry.npmjs.org/@babel%2fcompat-data 70ms (cache miss)
478 silly packumentCache full:https://registry.npmjs.org/@babel%2fcompat-data set size:undefined disposed:false
479 http fetch GET 200 https://registry.npmjs.org/browserslist 73ms (cache miss)
480 silly packumentCache full:https://registry.npmjs.org/browserslist set size:undefined disposed:false
481 http fetch GET 200 https://registry.npmjs.org/@babel%2fhelper-module-imports 57ms (cache miss)
482 silly packumentCache full:https://registry.npmjs.org/@babel%2fhelper-module-imports set size:undefined disposed:false
483 http fetch GET 200 https://registry.npmjs.org/@babel%2fhelper-globals 60ms (cache miss)
484 silly packumentCache full:https://registry.npmjs.org/@babel%2fhelper-globals set size:undefined disposed:false
485 http fetch GET 200 https://registry.npmjs.org/@babel%2fhelper-string-parser 71ms (cache miss)
486 silly packumentCache full:https://registry.npmjs.org/@babel%2fhelper-string-parser set size:undefined disposed:false
487 http fetch GET 200 https://registry.npmjs.org/ms 68ms (cache miss)
488 silly packumentCache full:https://registry.npmjs.org/ms set size:undefined disposed:false
489 silly placeDep ROOT @babel/helper-validator-identifier@7.28.5 OK for: @babel/code-frame@7.29.0 want: ^7.28.5
490 silly placeDep ROOT js-tokens@4.0.0 OK for: @babel/code-frame@7.29.0 want: ^4.0.0
491 silly placeDep ROOT picocolors@1.1.1 OK for: @babel/code-frame@7.29.0 want: ^1.1.1
492 silly placeDep ROOT @jridgewell/gen-mapping@0.3.13 OK for: @babel/generator@7.29.1 want: ^0.3.12
493 silly placeDep ROOT @jridgewell/trace-mapping@0.3.31 OK for: @babel/generator@7.29.1 want: ^0.3.28
494 silly placeDep ROOT jsesc@3.1.0 OK for: @babel/generator@7.29.1 want: ^3.0.2
495 silly fetch manifest @jridgewell/sourcemap-codec@^1.5.0
496 silly packumentCache full:https://registry.npmjs.org/@jridgewell%2fsourcemap-codec cache-miss
497 silly fetch manifest @jridgewell/resolve-uri@^3.1.0
498 silly packumentCache full:https://registry.npmjs.org/@jridgewell%2fresolve-uri cache-miss
499 silly fetch manifest @jridgewell/sourcemap-codec@^1.4.14
500 silly packumentCache full:https://registry.npmjs.org/@jridgewell%2fsourcemap-codec cache-miss
501 http fetch GET 200 https://registry.npmjs.org/@jridgewell%2fsourcemap-codec 58ms (cache miss)
502 silly packumentCache full:https://registry.npmjs.org/@jridgewell%2fsourcemap-codec set size:undefined disposed:false
503 http fetch GET 200 https://registry.npmjs.org/@jridgewell%2fsourcemap-codec 58ms (cache miss)
504 silly packumentCache full:https://registry.npmjs.org/@jridgewell%2fsourcemap-codec set size:undefined disposed:false
505 http fetch GET 200 https://registry.npmjs.org/@jridgewell%2fresolve-uri 59ms (cache miss)
506 silly packumentCache full:https://registry.npmjs.org/@jridgewell%2fresolve-uri set size:undefined disposed:false
507 silly placeDep ROOT @babel/compat-data@7.29.3 OK for: @babel/helper-compilation-targets@7.28.6 want: ^7.28.6
508 silly placeDep ROOT @babel/helper-validator-option@7.27.1 OK for: @babel/helper-compilation-targets@7.28.6 want: ^7.27.1
509 silly placeDep ROOT browserslist@4.28.2 OK for: @babel/helper-compilation-targets@7.28.6 want: ^4.24.0
510 silly placeDep ROOT lru-cache@5.1.1 OK for: @babel/helper-compilation-targets@7.28.6 want: ^5.1.1
511 silly placeDep node_modules/@babel/helper-compilation-targets semver@6.3.1 OK for: @babel/helper-compilation-targets@7.28.6 want: ^6.3.1
512 silly fetch manifest baseline-browser-mapping@^2.10.12
513 silly packumentCache full:https://registry.npmjs.org/baseline-browser-mapping cache-miss
514 silly fetch manifest caniuse-lite@^1.0.30001782
515 silly packumentCache full:https://registry.npmjs.org/caniuse-lite cache-miss
516 silly fetch manifest electron-to-chromium@^1.5.328
517 silly packumentCache full:https://registry.npmjs.org/electron-to-chromium cache-miss
518 silly fetch manifest node-releases@^2.0.36
519 silly packumentCache full:https://registry.npmjs.org/node-releases cache-miss
520 silly fetch manifest update-browserslist-db@^1.2.3
521 silly packumentCache full:https://registry.npmjs.org/update-browserslist-db cache-miss
522 silly fetch manifest yallist@^3.0.2
523 silly packumentCache full:https://registry.npmjs.org/yallist cache-miss
524 http fetch GET 200 https://registry.npmjs.org/yallist 61ms (cache miss)
525 silly packumentCache full:https://registry.npmjs.org/yallist set size:undefined disposed:false
526 http fetch GET 200 https://registry.npmjs.org/baseline-browser-mapping 74ms (cache miss)
527 silly packumentCache full:https://registry.npmjs.org/baseline-browser-mapping set size:undefined disposed:false
528 http fetch GET 200 https://registry.npmjs.org/update-browserslist-db 75ms (cache miss)
529 silly packumentCache full:https://registry.npmjs.org/update-browserslist-db set size:undefined disposed:false
530 http fetch GET 200 https://registry.npmjs.org/node-releases 79ms (cache miss)
531 silly packumentCache full:https://registry.npmjs.org/node-releases set size:undefined disposed:false
532 http fetch GET 200 https://registry.npmjs.org/caniuse-lite 130ms (cache miss)
533 silly packumentCache full:https://registry.npmjs.org/caniuse-lite set size:undefined disposed:false
534 http fetch GET 200 https://registry.npmjs.org/electron-to-chromium 215ms (cache miss)
535 silly packumentCache full:https://registry.npmjs.org/electron-to-chromium set size:undefined disposed:false
536 silly placeDep ROOT @babel/helper-module-imports@7.28.6 OK for: @babel/helper-module-transforms@7.28.6 want: ^7.28.6
537 silly placeDep ROOT @babel/helper-globals@7.28.0 OK for: @babel/traverse@7.29.0 want: ^7.28.0
538 silly placeDep ROOT @babel/helper-string-parser@7.27.1 OK for: @babel/types@7.29.0 want: ^7.27.1
539 silly placeDep ROOT @jridgewell/sourcemap-codec@1.5.5 OK for: @jridgewell/gen-mapping@0.3.13 want: ^1.5.0
540 silly placeDep ROOT @jridgewell/resolve-uri@3.1.2 OK for: @jridgewell/trace-mapping@0.3.31 want: ^3.1.0
541 silly placeDep ROOT @react-native/dev-middleware@0.85.2 OK for: @react-native/community-cli-plugin@0.85.2 want: 0.85.2
542 silly placeDep ROOT metro@0.84.4 OK for: @react-native/community-cli-plugin@0.85.2 want: ^0.84.0
543 silly placeDep ROOT metro-config@0.84.4 OK for: @react-native/community-cli-plugin@0.85.2 want: ^0.84.0
544 silly placeDep ROOT metro-core@0.84.4 OK for: @react-native/community-cli-plugin@0.85.2 want: ^0.84.0
545 silly fetch manifest open@^7.0.3
546 silly packumentCache full:https://registry.npmjs.org/open cache-miss
547 silly fetch manifest connect@^3.6.5
548 silly packumentCache full:https://registry.npmjs.org/connect cache-miss
549 silly fetch manifest serve-static@^1.16.2
550 silly packumentCache full:https://registry.npmjs.org/serve-static cache-miss
551 silly fetch manifest chrome-launcher@^0.15.2
552 silly packumentCache full:https://registry.npmjs.org/chrome-launcher cache-miss
553 silly fetch manifest @isaacs/ttlcache@^1.4.1
554 silly packumentCache full:https://registry.npmjs.org/@isaacs%2fttlcache cache-miss
555 silly fetch manifest chromium-edge-launcher@^0.3.0
556 silly packumentCache full:https://registry.npmjs.org/chromium-edge-launcher cache-miss
557 silly fetch manifest @react-native/debugger-shell@0.85.2
558 silly packumentCache full:https://registry.npmjs.org/@react-native%2fdebugger-shell cache-miss
559 http fetch GET 200 https://registry.npmjs.org/serve-static 62ms (cache miss)
560 silly packumentCache full:https://registry.npmjs.org/serve-static set size:undefined disposed:false
561 silly fetch manifest @react-native/debugger-frontend@0.85.2
562 silly packumentCache full:https://registry.npmjs.org/@react-native%2fdebugger-frontend cache-miss
563 http fetch GET 200 https://registry.npmjs.org/open 64ms (cache miss)
564 silly packumentCache full:https://registry.npmjs.org/open set size:undefined disposed:false
565 silly fetch manifest accepts@^2.0.0
566 silly packumentCache full:https://registry.npmjs.org/accepts cache-miss
567 http fetch GET 200 https://registry.npmjs.org/chromium-edge-launcher 66ms (cache miss)
568 silly packumentCache full:https://registry.npmjs.org/chromium-edge-launcher set size:undefined disposed:false
569 silly fetch manifest ci-info@^2.0.0
570 silly packumentCache full:https://registry.npmjs.org/ci-info cache-miss
571 http fetch GET 200 https://registry.npmjs.org/chrome-launcher 69ms (cache miss)
572 silly packumentCache full:https://registry.npmjs.org/chrome-launcher set size:undefined disposed:false
573 silly fetch manifest connect@^3.6.5
574 silly packumentCache full:https://registry.npmjs.org/connect cache-miss
575 http fetch GET 200 https://registry.npmjs.org/connect 71ms (cache miss)
576 silly packumentCache full:https://registry.npmjs.org/connect set size:undefined disposed:false
577 silly fetch manifest error-stack-parser@^2.0.6
578 silly packumentCache full:https://registry.npmjs.org/error-stack-parser cache-miss
579 http fetch GET 200 https://registry.npmjs.org/@isaacs%2fttlcache 81ms (cache miss)
580 silly packumentCache full:https://registry.npmjs.org/@isaacs%2fttlcache set size:undefined disposed:false
581 silly fetch manifest graceful-fs@^4.2.4
582 silly packumentCache full:https://registry.npmjs.org/graceful-fs cache-miss
583 http fetch GET 200 https://registry.npmjs.org/ci-info 56ms (cache miss)
584 silly packumentCache full:https://registry.npmjs.org/ci-info set size:undefined disposed:false
585 silly fetch manifest hermes-parser@0.35.0
586 silly packumentCache full:https://registry.npmjs.org/hermes-parser cache-miss
587 http fetch GET 200 https://registry.npmjs.org/@react-native%2fdebugger-shell 128ms (cache miss)
588 silly packumentCache full:https://registry.npmjs.org/@react-native%2fdebugger-shell set size:undefined disposed:false
589 silly fetch manifest image-size@^1.0.2
590 silly packumentCache full:https://registry.npmjs.org/image-size cache-miss
591 http cache https://registry.npmjs.org/hermes-parser 6ms (cache hit)
592 silly packumentCache full:https://registry.npmjs.org/hermes-parser set size:167528 disposed:false
593 silly fetch manifest jest-worker@^29.7.0
594 silly packumentCache full:https://registry.npmjs.org/jest-worker cache-miss
595 http fetch GET 200 https://registry.npmjs.org/accepts 70ms (cache miss)
596 silly packumentCache full:https://registry.npmjs.org/accepts set size:undefined disposed:false
597 silly fetch manifest jsc-safe-url@^0.2.2
598 silly packumentCache full:https://registry.npmjs.org/jsc-safe-url cache-miss
599 http fetch GET 200 https://registry.npmjs.org/error-stack-parser 64ms (cache miss)
600 silly packumentCache full:https://registry.npmjs.org/error-stack-parser set size:undefined disposed:false
601 silly fetch manifest lodash.throttle@^4.1.1
602 silly packumentCache full:https://registry.npmjs.org/lodash.throttle cache-miss
603 http fetch GET 200 https://registry.npmjs.org/graceful-fs 59ms (cache miss)
604 silly packumentCache full:https://registry.npmjs.org/graceful-fs set size:undefined disposed:false
605 silly fetch manifest metro-babel-transformer@0.84.4
606 silly packumentCache full:https://registry.npmjs.org/metro-babel-transformer cache-miss
607 http fetch GET 200 https://registry.npmjs.org/connect 75ms (cache miss)
608 silly packumentCache full:https://registry.npmjs.org/connect set size:undefined disposed:false
609 silly fetch manifest metro-cache@0.84.4
610 silly packumentCache full:https://registry.npmjs.org/metro-cache cache-miss
611 http fetch GET 200 https://registry.npmjs.org/@react-native%2fdebugger-frontend 116ms (cache miss)
612 silly packumentCache full:https://registry.npmjs.org/@react-native%2fdebugger-frontend set size:undefined disposed:false
613 silly fetch manifest metro-cache-key@0.84.4
614 silly packumentCache full:https://registry.npmjs.org/metro-cache-key cache-miss
615 http fetch GET 200 https://registry.npmjs.org/lodash.throttle 58ms (cache miss)
616 silly packumentCache full:https://registry.npmjs.org/lodash.throttle set size:undefined disposed:false
617 silly fetch manifest metro-config@0.84.4
618 silly packumentCache full:https://registry.npmjs.org/metro-config cache-miss
619 http fetch GET 200 https://registry.npmjs.org/jsc-safe-url 62ms (cache miss)
620 silly packumentCache full:https://registry.npmjs.org/jsc-safe-url set size:undefined disposed:false
621 silly fetch manifest metro-core@0.84.4
622 silly packumentCache full:https://registry.npmjs.org/metro-core cache-miss
623 http fetch GET 200 https://registry.npmjs.org/image-size 67ms (cache miss)
624 silly packumentCache full:https://registry.npmjs.org/image-size set size:undefined disposed:false
625 silly fetch manifest metro-file-map@0.84.4
626 silly packumentCache full:https://registry.npmjs.org/metro-file-map cache-miss
627 http cache https://registry.npmjs.org/metro-config 5ms (cache hit)
628 silly packumentCache full:https://registry.npmjs.org/metro-config set size:330908 disposed:false
629 silly fetch manifest metro-resolver@0.84.4
630 silly packumentCache full:https://registry.npmjs.org/metro-resolver cache-miss
631 http fetch GET 200 https://registry.npmjs.org/jest-worker 72ms (cache miss)
632 silly packumentCache full:https://registry.npmjs.org/jest-worker set size:undefined disposed:false
633 silly fetch manifest metro-transform-plugins@0.84.4
634 silly packumentCache full:https://registry.npmjs.org/metro-transform-plugins cache-miss
635 http cache https://registry.npmjs.org/metro-core 10ms (cache hit)
636 silly packumentCache full:https://registry.npmjs.org/metro-core set size:389842 disposed:false
637 silly fetch manifest metro-transform-worker@0.84.4
638 silly packumentCache full:https://registry.npmjs.org/metro-transform-worker cache-miss
639 http fetch GET 200 https://registry.npmjs.org/metro-babel-transformer 71ms (cache miss)
640 silly packumentCache full:https://registry.npmjs.org/metro-babel-transformer set size:undefined disposed:false
641 silly fetch manifest mime-types@^3.0.1
642 silly packumentCache full:https://registry.npmjs.org/mime-types cache-miss
643 http fetch GET 200 https://registry.npmjs.org/metro-cache 69ms (cache miss)
644 silly packumentCache full:https://registry.npmjs.org/metro-cache set size:undefined disposed:false
645 silly fetch manifest serialize-error@^2.1.0
646 silly packumentCache full:https://registry.npmjs.org/serialize-error cache-miss
647 http fetch GET 200 https://registry.npmjs.org/metro-cache-key 70ms (cache miss)
648 silly packumentCache full:https://registry.npmjs.org/metro-cache-key set size:undefined disposed:false
649 silly fetch manifest throat@^5.0.0
650 silly packumentCache full:https://registry.npmjs.org/throat cache-miss
651 http fetch GET 200 https://registry.npmjs.org/metro-file-map 57ms (cache miss)
652 silly packumentCache full:https://registry.npmjs.org/metro-file-map set size:undefined disposed:false
653 silly fetch manifest jest-validate@^29.7.0
654 silly packumentCache full:https://registry.npmjs.org/jest-validate cache-miss
655 http fetch GET 200 https://registry.npmjs.org/metro-resolver 63ms (cache miss)
656 silly packumentCache full:https://registry.npmjs.org/metro-resolver set size:undefined disposed:false
657 silly fetch manifest yaml@^2.6.1
658 silly packumentCache full:https://registry.npmjs.org/yaml cache-miss
659 http fetch GET 200 https://registry.npmjs.org/metro-transform-plugins 63ms (cache miss)
660 silly packumentCache full:https://registry.npmjs.org/metro-transform-plugins set size:undefined disposed:false
661 http fetch GET 200 https://registry.npmjs.org/metro-transform-worker 64ms (cache miss)
662 silly packumentCache full:https://registry.npmjs.org/metro-transform-worker set size:undefined disposed:false
663 http fetch GET 200 https://registry.npmjs.org/serialize-error 60ms (cache miss)
664 silly packumentCache full:https://registry.npmjs.org/serialize-error set size:undefined disposed:false
665 http fetch GET 200 https://registry.npmjs.org/mime-types 63ms (cache miss)
666 silly packumentCache full:https://registry.npmjs.org/mime-types set size:undefined disposed:false
667 http fetch GET 200 https://registry.npmjs.org/throat 64ms (cache miss)
668 silly packumentCache full:https://registry.npmjs.org/throat set size:undefined disposed:false
669 http fetch GET 200 https://registry.npmjs.org/yaml 63ms (cache miss)
670 silly packumentCache full:https://registry.npmjs.org/yaml set size:undefined disposed:false
671 http fetch GET 200 https://registry.npmjs.org/jest-validate 78ms (cache miss)
672 silly packumentCache full:https://registry.npmjs.org/jest-validate set size:undefined disposed:false
673 silly placeDep ROOT @isaacs/ttlcache@1.4.1 OK for: @react-native/dev-middleware@0.85.2 want: ^1.4.1
674 silly placeDep ROOT @react-native/debugger-frontend@0.85.2 OK for: @react-native/dev-middleware@0.85.2 want: 0.85.2
675 silly placeDep ROOT @react-native/debugger-shell@0.85.2 OK for: @react-native/dev-middleware@0.85.2 want: 0.85.2
676 silly placeDep ROOT chrome-launcher@0.15.2 OK for: @react-native/dev-middleware@0.85.2 want: ^0.15.2
677 silly placeDep ROOT chromium-edge-launcher@0.3.0 OK for: @react-native/dev-middleware@0.85.2 want: ^0.3.0
678 silly placeDep ROOT connect@3.7.0 OK for: @react-native/dev-middleware@0.85.2 want: ^3.6.5
679 silly placeDep ROOT open@7.4.2 OK for: @react-native/dev-middleware@0.85.2 want: ^7.0.3
680 silly placeDep ROOT serve-static@1.16.3 OK for: @react-native/dev-middleware@0.85.2 want: ^1.16.2
681 silly fetch manifest cross-spawn@^7.0.6
682 silly packumentCache full:https://registry.npmjs.org/cross-spawn cache-miss
683 silly fetch manifest fb-dotslash@0.5.8
684 silly packumentCache full:https://registry.npmjs.org/fb-dotslash cache-miss
685 silly fetch manifest is-wsl@^2.2.0
686 silly packumentCache full:https://registry.npmjs.org/is-wsl cache-miss
687 silly fetch manifest @types/node@*
688 silly packumentCache full:https://registry.npmjs.org/@types%2fnode cache-miss
689 silly fetch manifest lighthouse-logger@^1.0.0
690 silly packumentCache full:https://registry.npmjs.org/lighthouse-logger cache-miss
691 silly fetch manifest escape-string-regexp@^4.0.0
692 silly packumentCache full:https://registry.npmjs.org/escape-string-regexp cache-miss
693 silly fetch manifest is-wsl@^2.2.0
694 silly packumentCache full:https://registry.npmjs.org/is-wsl cache-miss
695 http cache https://registry.npmjs.org/escape-string-regexp 10ms (cache hit)
696 silly packumentCache full:https://registry.npmjs.org/escape-string-regexp set size:22244 disposed:false
697 silly fetch manifest mkdirp@^1.0.4
698 silly packumentCache full:https://registry.npmjs.org/mkdirp cache-miss
699 http cache https://registry.npmjs.org/mkdirp 1ms (cache hit)
700 silly packumentCache full:https://registry.npmjs.org/mkdirp set size:116431 disposed:false
701 silly fetch manifest @types/node@*
702 silly packumentCache full:https://registry.npmjs.org/@types%2fnode cache-miss
703 http fetch GET 200 https://registry.npmjs.org/is-wsl 59ms (cache miss)
704 silly packumentCache full:https://registry.npmjs.org/is-wsl set size:undefined disposed:false
705 silly fetch manifest lighthouse-logger@^1.0.0
706 silly packumentCache full:https://registry.npmjs.org/lighthouse-logger cache-miss
707 http fetch GET 200 https://registry.npmjs.org/is-wsl 60ms (cache miss)
708 silly packumentCache full:https://registry.npmjs.org/is-wsl set size:undefined disposed:false
709 silly fetch manifest debug@2.6.9
710 silly packumentCache full:https://registry.npmjs.org/debug cache-hit
711 silly fetch manifest finalhandler@1.1.2
712 silly packumentCache full:https://registry.npmjs.org/finalhandler cache-miss
713 http fetch GET 200 https://registry.npmjs.org/lighthouse-logger 61ms (cache miss)
714 silly packumentCache full:https://registry.npmjs.org/lighthouse-logger set size:undefined disposed:false
715 silly fetch manifest parseurl@~1.3.3
716 silly packumentCache full:https://registry.npmjs.org/parseurl cache-miss
717 http fetch GET 200 https://registry.npmjs.org/cross-spawn 63ms (cache miss)
718 silly packumentCache full:https://registry.npmjs.org/cross-spawn set size:undefined disposed:false
719 silly fetch manifest utils-merge@1.0.1
720 silly packumentCache full:https://registry.npmjs.org/utils-merge cache-miss
721 http cache https://registry.npmjs.org/lighthouse-logger 5ms (cache hit)
722 silly packumentCache full:https://registry.npmjs.org/lighthouse-logger set size:19412 disposed:false
723 silly fetch manifest is-wsl@^2.1.1
724 silly packumentCache full:https://registry.npmjs.org/is-wsl cache-miss
725 http cache https://registry.npmjs.org/is-wsl 2ms (cache hit)
726 silly packumentCache full:https://registry.npmjs.org/is-wsl set size:20683 disposed:false
727 silly fetch manifest is-docker@^2.0.0
728 silly packumentCache full:https://registry.npmjs.org/is-docker cache-miss
729 http fetch GET 200 https://registry.npmjs.org/fb-dotslash 83ms (cache miss)
730 silly packumentCache full:https://registry.npmjs.org/fb-dotslash set size:undefined disposed:false
731 silly fetch manifest send@~0.19.1
732 silly packumentCache full:https://registry.npmjs.org/send cache-miss
733 http fetch GET 200 https://registry.npmjs.org/utils-merge 45ms (cache miss)
734 silly packumentCache full:https://registry.npmjs.org/utils-merge set size:undefined disposed:false
735 silly fetch manifest parseurl@~1.3.3
736 silly packumentCache full:https://registry.npmjs.org/parseurl cache-miss
737 http fetch GET 200 https://registry.npmjs.org/parseurl 48ms (cache miss)
738 silly packumentCache full:https://registry.npmjs.org/parseurl set size:undefined disposed:false
739 silly fetch manifest encodeurl@~2.0.0
740 silly packumentCache full:https://registry.npmjs.org/encodeurl cache-miss
741 http fetch GET 200 https://registry.npmjs.org/finalhandler 50ms (cache miss)
742 silly packumentCache full:https://registry.npmjs.org/finalhandler set size:undefined disposed:false
743 silly fetch manifest escape-html@~1.0.3
744 silly packumentCache full:https://registry.npmjs.org/escape-html cache-miss
745 http fetch GET 200 https://registry.npmjs.org/is-docker 59ms (cache miss)
746 silly packumentCache full:https://registry.npmjs.org/is-docker set size:undefined disposed:false
747 http fetch GET 200 https://registry.npmjs.org/send 65ms (cache miss)
748 silly packumentCache full:https://registry.npmjs.org/send set size:undefined disposed:false
749 http fetch GET 200 https://registry.npmjs.org/parseurl 46ms (cache miss)
750 silly packumentCache full:https://registry.npmjs.org/parseurl set size:undefined disposed:false
751 http fetch GET 200 https://registry.npmjs.org/escape-html 49ms (cache miss)
752 silly packumentCache full:https://registry.npmjs.org/escape-html set size:undefined disposed:false
753 http fetch GET 200 https://registry.npmjs.org/encodeurl 56ms (cache miss)
754 silly packumentCache full:https://registry.npmjs.org/encodeurl set size:undefined disposed:false
755 http fetch GET 200 https://registry.npmjs.org/@types%2fnode 187ms (cache miss)
756 silly packumentCache full:https://registry.npmjs.org/@types%2fnode set size:undefined disposed:false
757 http fetch GET 200 https://registry.npmjs.org/@types%2fnode 291ms (cache miss)
758 silly packumentCache full:https://registry.npmjs.org/@types%2fnode set size:undefined disposed:false
759 silly placeDep ROOT cross-spawn@7.0.6 OK for: @react-native/debugger-shell@0.85.2 want: ^7.0.6
760 silly placeDep ROOT fb-dotslash@0.5.8 OK for: @react-native/debugger-shell@0.85.2 want: 0.5.8
761 silly fetch manifest which@^2.0.1
762 silly packumentCache full:https://registry.npmjs.org/which cache-miss
763 silly fetch manifest path-key@^3.1.0
764 silly packumentCache full:https://registry.npmjs.org/path-key cache-miss
765 silly fetch manifest shebang-command@^2.0.0
766 silly packumentCache full:https://registry.npmjs.org/shebang-command cache-miss
767 http fetch GET 200 https://registry.npmjs.org/shebang-command 50ms (cache miss)
768 silly packumentCache full:https://registry.npmjs.org/shebang-command set size:undefined disposed:false
769 http fetch GET 200 https://registry.npmjs.org/which 51ms (cache miss)
770 silly packumentCache full:https://registry.npmjs.org/which set size:undefined disposed:false
771 http fetch GET 200 https://registry.npmjs.org/path-key 59ms (cache miss)
772 silly packumentCache full:https://registry.npmjs.org/path-key set size:undefined disposed:false
773 silly placeDep ROOT event-target-shim@5.0.1 OK for: abort-controller@3.0.0 want: ^5.0.0
774 silly fetch manifest browserslist@>= 4.21.0
775 silly packumentCache full:https://registry.npmjs.org/browserslist cache-miss
776 http cache https://registry.npmjs.org/browserslist 3ms (cache hit)
777 silly packumentCache full:https://registry.npmjs.org/browserslist set size:504681 disposed:false
778 silly placeDep ROOT baseline-browser-mapping@2.10.25 OK for: browserslist@4.28.2 want: ^2.10.12
779 silly placeDep ROOT caniuse-lite@1.0.30001791 OK for: browserslist@4.28.2 want: ^1.0.30001782
780 silly placeDep ROOT electron-to-chromium@1.5.349 OK for: browserslist@4.28.2 want: ^1.5.328
781 silly placeDep ROOT node-releases@2.0.38 OK for: browserslist@4.28.2 want: ^2.0.36
782 silly placeDep ROOT update-browserslist-db@1.2.3 OK for: browserslist@4.28.2 want: ^1.2.3
783 silly fetch manifest escalade@^3.2.0
784 silly packumentCache full:https://registry.npmjs.org/escalade cache-miss
785 http cache https://registry.npmjs.org/escalade 2ms (cache hit)
786 silly packumentCache full:https://registry.npmjs.org/escalade set size:33724 disposed:false
787 silly placeDep ROOT @types/node@25.6.0 OK for: chrome-launcher@0.15.2 want: *
788 silly placeDep ROOT escape-string-regexp@4.0.0 OK for: chrome-launcher@0.15.2 want: ^4.0.0
789 silly placeDep ROOT is-wsl@2.2.0 OK for: chrome-launcher@0.15.2 want: ^2.2.0
790 silly placeDep ROOT lighthouse-logger@1.4.2 OK for: chrome-launcher@0.15.2 want: ^1.0.0
791 silly fetch manifest undici-types@~7.19.0
792 silly packumentCache full:https://registry.npmjs.org/undici-types cache-miss
793 silly fetch manifest debug@^2.6.9
794 silly packumentCache full:https://registry.npmjs.org/debug cache-hit
795 silly fetch manifest marky@^1.2.2
796 silly packumentCache full:https://registry.npmjs.org/marky cache-miss
797 http fetch GET 200 https://registry.npmjs.org/undici-types 52ms (cache miss)
798 silly packumentCache full:https://registry.npmjs.org/undici-types set size:undefined disposed:false
799 http fetch GET 200 https://registry.npmjs.org/marky 64ms (cache miss)
800 silly packumentCache full:https://registry.npmjs.org/marky set size:undefined disposed:false
801 silly placeDep ROOT undici-types@7.19.2 OK for: @types/node@25.6.0 want: ~7.19.0
802 silly placeDep ROOT mkdirp@1.0.4 OK for: chromium-edge-launcher@0.3.0 want: ^1.0.4
803 silly placeDep node_modules/connect debug@2.6.9 OK for: connect@3.7.0 want: 2.6.9
804 silly placeDep ROOT finalhandler@1.1.2 OK for: connect@3.7.0 want: 1.1.2
805 silly placeDep ROOT parseurl@1.3.3 OK for: connect@3.7.0 want: ~1.3.3
806 silly placeDep ROOT utils-merge@1.0.1 OK for: connect@3.7.0 want: 1.0.1
807 silly fetch manifest ms@2.0.0
808 silly packumentCache full:https://registry.npmjs.org/ms cache-miss
809 silly fetch manifest unpipe@~1.0.0
810 silly packumentCache full:https://registry.npmjs.org/unpipe cache-miss
811 silly fetch manifest statuses@~1.5.0
812 silly packumentCache full:https://registry.npmjs.org/statuses cache-miss
813 silly fetch manifest encodeurl@~1.0.2
814 silly packumentCache full:https://registry.npmjs.org/encodeurl cache-miss
815 silly fetch manifest on-finished@~2.3.0
816 silly packumentCache full:https://registry.npmjs.org/on-finished cache-miss
817 http cache https://registry.npmjs.org/encodeurl 2ms (cache hit)
818 silly packumentCache full:https://registry.npmjs.org/encodeurl set size:12296 disposed:false
819 http cache https://registry.npmjs.org/ms 4ms (cache hit)
820 silly packumentCache full:https://registry.npmjs.org/ms set size:92208 disposed:false
821 http fetch GET 200 https://registry.npmjs.org/statuses 45ms (cache miss)
822 silly packumentCache full:https://registry.npmjs.org/statuses set size:undefined disposed:false
823 http fetch GET 200 https://registry.npmjs.org/on-finished 51ms (cache miss)
824 silly packumentCache full:https://registry.npmjs.org/on-finished set size:undefined disposed:false
825 http fetch GET 200 https://registry.npmjs.org/unpipe 58ms (cache miss)
826 silly packumentCache full:https://registry.npmjs.org/unpipe set size:undefined disposed:false
827 silly placeDep ROOT path-key@3.1.1 OK for: cross-spawn@7.0.6 want: ^3.1.0
828 silly placeDep ROOT shebang-command@2.0.0 OK for: cross-spawn@7.0.6 want: ^2.0.0
829 silly placeDep ROOT which@2.0.2 OK for: cross-spawn@7.0.6 want: ^2.0.1
830 silly fetch manifest shebang-regex@^3.0.0
831 silly packumentCache full:https://registry.npmjs.org/shebang-regex cache-miss
832 silly fetch manifest isexe@^2.0.0
833 silly packumentCache full:https://registry.npmjs.org/isexe cache-miss
834 http fetch GET 200 https://registry.npmjs.org/isexe 50ms (cache miss)
835 silly packumentCache full:https://registry.npmjs.org/isexe set size:undefined disposed:false
836 http fetch GET 200 https://registry.npmjs.org/shebang-regex 50ms (cache miss)
837 silly packumentCache full:https://registry.npmjs.org/shebang-regex set size:undefined disposed:false
838 silly placeDep ROOT ms@2.1.3 OK for: debug@4.4.3 want: ^2.1.3
839 silly placeDep node_modules/finalhandler debug@2.6.9 OK for: finalhandler@1.1.2 want: 2.6.9
840 silly placeDep ROOT encodeurl@1.0.2 OK for: finalhandler@1.1.2 want: ~1.0.2
841 silly placeDep ROOT escape-html@1.0.3 OK for: finalhandler@1.1.2 want: ~1.0.3
842 silly placeDep ROOT on-finished@2.3.0 OK for: finalhandler@1.1.2 want: ~2.3.0
843 silly placeDep ROOT statuses@1.5.0 OK for: finalhandler@1.1.2 want: ~1.5.0
844 silly placeDep ROOT unpipe@1.0.0 OK for: finalhandler@1.1.2 want: ~1.0.0
845 silly fetch manifest ee-first@1.1.1
846 silly packumentCache full:https://registry.npmjs.org/ee-first cache-miss
847 http fetch GET 200 https://registry.npmjs.org/ee-first 54ms (cache miss)
848 silly packumentCache full:https://registry.npmjs.org/ee-first set size:undefined disposed:false
849 silly placeDep ROOT hermes-estree@0.33.3 OK for: hermes-parser@0.33.3 want: 0.33.3
850 silly placeDep ROOT loose-envify@1.4.0 OK for: invariant@2.2.4 want: ^1.0.0
851 silly placeDep ROOT is-docker@2.2.1 OK for: is-wsl@2.2.0 want: ^2.0.0
852 silly placeDep node_modules/lighthouse-logger debug@2.6.9 OK for: lighthouse-logger@1.4.2 want: ^2.6.9
853 silly placeDep ROOT marky@1.3.0 OK for: lighthouse-logger@1.4.2 want: ^1.2.2
854 silly placeDep ROOT yallist@3.1.1 OK for: lru-cache@5.1.1 want: ^3.0.2
855 silly placeDep ROOT accepts@2.0.0 OK for: metro@0.84.4 want: ^2.0.0
856 silly placeDep ROOT ci-info@2.0.0 OK for: metro@0.84.4 want: ^2.0.0
857 silly placeDep ROOT error-stack-parser@2.1.4 OK for: metro@0.84.4 want: ^2.0.6
858 silly placeDep ROOT graceful-fs@4.2.11 OK for: metro@0.84.4 want: ^4.2.4
859 silly placeDep node_modules/metro hermes-parser@0.35.0 OK for: metro@0.84.4 want: 0.35.0
860 silly placeDep ROOT image-size@1.2.1 OK for: metro@0.84.4 want: ^1.0.2
861 silly placeDep ROOT jest-worker@29.7.0 OK for: metro@0.84.4 want: ^29.7.0
862 silly placeDep ROOT jsc-safe-url@0.2.4 OK for: metro@0.84.4 want: ^0.2.2
863 silly placeDep ROOT lodash.throttle@4.1.1 OK for: metro@0.84.4 want: ^4.1.1
864 silly placeDep ROOT metro-babel-transformer@0.84.4 OK for: metro@0.84.4 want: 0.84.4
865 silly placeDep ROOT metro-cache@0.84.4 OK for: metro@0.84.4 want: 0.84.4
866 silly placeDep ROOT metro-cache-key@0.84.4 OK for: metro@0.84.4 want: 0.84.4
867 silly placeDep ROOT metro-file-map@0.84.4 OK for: metro@0.84.4 want: 0.84.4
868 silly placeDep ROOT metro-resolver@0.84.4 OK for: metro@0.84.4 want: 0.84.4
869 silly placeDep ROOT metro-symbolicate@0.84.4 OK for: metro@0.84.4 want: 0.84.4
870 silly placeDep ROOT metro-transform-plugins@0.84.4 OK for: metro@0.84.4 want: 0.84.4
871 silly placeDep ROOT metro-transform-worker@0.84.4 OK for: metro@0.84.4 want: 0.84.4
872 silly placeDep ROOT mime-types@3.0.2 OK for: metro@0.84.4 want: ^3.0.1
873 silly placeDep ROOT serialize-error@2.1.0 OK for: metro@0.84.4 want: ^2.1.0
874 silly placeDep ROOT source-map@0.5.7 OK for: metro@0.84.4 want: ^0.5.6
875 silly placeDep ROOT throat@5.0.0 OK for: metro@0.84.4 want: ^5.0.0
876 silly fetch manifest mime-types@^3.0.0
877 silly packumentCache full:https://registry.npmjs.org/mime-types cache-miss
878 silly fetch manifest negotiator@^1.0.0
879 silly packumentCache full:https://registry.npmjs.org/negotiator cache-miss
880 silly fetch manifest stackframe@^1.3.4
881 silly packumentCache full:https://registry.npmjs.org/stackframe cache-miss
882 silly fetch manifest hermes-estree@0.35.0
883 silly packumentCache full:https://registry.npmjs.org/hermes-estree cache-miss
884 silly fetch manifest queue@6.0.2
885 silly packumentCache full:https://registry.npmjs.org/queue cache-miss
886 silly fetch manifest jest-util@^29.7.0
887 silly packumentCache full:https://registry.npmjs.org/jest-util cache-miss
888 silly fetch manifest merge-stream@^2.0.0
889 silly packumentCache full:https://registry.npmjs.org/merge-stream cache-miss
890 http cache https://registry.npmjs.org/hermes-estree 3ms (cache hit)
891 silly packumentCache full:https://registry.npmjs.org/hermes-estree set size:127958 disposed:false
892 silly fetch manifest supports-color@^8.0.0
893 silly packumentCache full:https://registry.npmjs.org/supports-color cache-miss
894 http cache https://registry.npmjs.org/mime-types 4ms (cache hit)
895 silly packumentCache full:https://registry.npmjs.org/mime-types set size:139110 disposed:false
896 silly fetch manifest exponential-backoff@^3.1.1
897 silly packumentCache full:https://registry.npmjs.org/exponential-backoff cache-miss
898 http cache https://registry.npmjs.org/supports-color 3ms (cache hit)
899 silly packumentCache full:https://registry.npmjs.org/supports-color set size:118680 disposed:false
900 silly fetch manifest https-proxy-agent@^7.0.5
901 silly packumentCache full:https://registry.npmjs.org/https-proxy-agent cache-miss
902 http fetch GET 200 https://registry.npmjs.org/negotiator 50ms (cache miss)
903 silly packumentCache full:https://registry.npmjs.org/negotiator set size:undefined disposed:false
904 silly fetch manifest fb-watchman@^2.0.0
905 silly packumentCache full:https://registry.npmjs.org/fb-watchman cache-miss
906 http fetch GET 200 https://registry.npmjs.org/stackframe 52ms (cache miss)
907 silly packumentCache full:https://registry.npmjs.org/stackframe set size:undefined disposed:false
908 silly fetch manifest micromatch@^4.0.4
909 silly packumentCache full:https://registry.npmjs.org/micromatch cache-miss
910 http fetch GET 200 https://registry.npmjs.org/exponential-backoff 56ms (cache miss)
911 silly packumentCache full:https://registry.npmjs.org/exponential-backoff set size:undefined disposed:false
912 silly fetch manifest walker@^1.0.7
913 silly packumentCache full:https://registry.npmjs.org/walker cache-miss
914 http fetch GET 200 https://registry.npmjs.org/https-proxy-agent 54ms (cache miss)
915 silly packumentCache full:https://registry.npmjs.org/https-proxy-agent set size:undefined disposed:false
916 silly fetch manifest metro-minify-terser@0.84.4
917 silly packumentCache full:https://registry.npmjs.org/metro-minify-terser cache-miss
918 http fetch GET 200 https://registry.npmjs.org/merge-stream 64ms (cache miss)
919 silly packumentCache full:https://registry.npmjs.org/merge-stream set size:undefined disposed:false
920 silly fetch manifest mime-db@^1.54.0
921 silly packumentCache full:https://registry.npmjs.org/mime-db cache-miss
922 http fetch GET 200 https://registry.npmjs.org/queue 65ms (cache miss)
923 silly packumentCache full:https://registry.npmjs.org/queue set size:undefined disposed:false
924 http fetch GET 200 https://registry.npmjs.org/jest-util 69ms (cache miss)
925 silly packumentCache full:https://registry.npmjs.org/jest-util set size:undefined disposed:false
926 http fetch GET 200 https://registry.npmjs.org/walker 59ms (cache miss)
927 silly packumentCache full:https://registry.npmjs.org/walker set size:undefined disposed:false
928 http fetch GET 200 https://registry.npmjs.org/fb-watchman 72ms (cache miss)
929 silly packumentCache full:https://registry.npmjs.org/fb-watchman set size:undefined disposed:false
930 http fetch GET 200 https://registry.npmjs.org/mime-db 60ms (cache miss)
931 silly packumentCache full:https://registry.npmjs.org/mime-db set size:undefined disposed:false
932 http fetch GET 200 https://registry.npmjs.org/micromatch 73ms (cache miss)
933 silly packumentCache full:https://registry.npmjs.org/micromatch set size:undefined disposed:false
934 http fetch GET 200 https://registry.npmjs.org/metro-minify-terser 65ms (cache miss)
935 silly packumentCache full:https://registry.npmjs.org/metro-minify-terser set size:undefined disposed:false
936 silly placeDep ROOT negotiator@1.0.0 OK for: accepts@2.0.0 want: ^1.0.0
937 silly placeDep ROOT stackframe@1.3.4 OK for: error-stack-parser@2.1.4 want: ^1.3.4
938 silly placeDep ROOT queue@6.0.2 OK for: image-size@1.2.1 want: 6.0.2
939 silly fetch manifest inherits@~2.0.3
940 silly packumentCache full:https://registry.npmjs.org/inherits cache-miss
941 http cache https://registry.npmjs.org/inherits 1ms (cache hit)
942 silly packumentCache full:https://registry.npmjs.org/inherits set size:12925 disposed:false
943 silly placeDep ROOT jest-util@29.7.0 OK for: jest-worker@29.7.0 want: ^29.7.0
944 silly placeDep ROOT merge-stream@2.0.0 OK for: jest-worker@29.7.0 want: ^2.0.0
945 silly placeDep ROOT supports-color@8.1.1 OK for: jest-worker@29.7.0 want: ^8.0.0
946 silly fetch manifest chalk@^4.0.0
947 silly packumentCache full:https://registry.npmjs.org/chalk cache-miss
948 silly fetch manifest ci-info@^3.2.0
949 silly packumentCache full:https://registry.npmjs.org/ci-info cache-miss
950 silly fetch manifest picomatch@^2.2.3
951 silly packumentCache full:https://registry.npmjs.org/picomatch cache-miss
952 silly fetch manifest @jest/types@^29.6.3
953 silly packumentCache full:https://registry.npmjs.org/@jest%2ftypes cache-miss
954 silly fetch manifest has-flag@^4.0.0
955 silly packumentCache full:https://registry.npmjs.org/has-flag cache-miss
956 http cache https://registry.npmjs.org/ci-info 3ms (cache hit)
957 silly packumentCache full:https://registry.npmjs.org/ci-info set size:91363 disposed:false
958 http cache https://registry.npmjs.org/chalk 4ms (cache hit)
959 silly packumentCache full:https://registry.npmjs.org/chalk set size:117861 disposed:false
960 http cache https://registry.npmjs.org/picomatch 5ms (cache hit)
961 silly packumentCache full:https://registry.npmjs.org/picomatch set size:126376 disposed:false
962 http fetch GET 200 https://registry.npmjs.org/has-flag 53ms (cache miss)
963 silly packumentCache full:https://registry.npmjs.org/has-flag set size:undefined disposed:false
964 http fetch GET 200 https://registry.npmjs.org/@jest%2ftypes 84ms (cache miss)
965 silly packumentCache full:https://registry.npmjs.org/@jest%2ftypes set size:undefined disposed:false
966 silly placeDep ROOT @jest/types@29.6.3 OK for: jest-util@29.7.0 want: ^29.6.3
967 silly placeDep ROOT chalk@4.1.2 OK for: jest-util@29.7.0 want: ^4.0.0
968 silly placeDep node_modules/jest-util ci-info@3.9.0 OK for: jest-util@29.7.0 want: ^3.2.0
969 silly placeDep ROOT picomatch@2.3.2 OK for: jest-util@29.7.0 want: ^2.2.3
970 silly fetch manifest @types/yargs@^17.0.8
971 silly packumentCache full:https://registry.npmjs.org/@types%2fyargs cache-miss
972 silly fetch manifest @types/istanbul-reports@^3.0.0
973 silly packumentCache full:https://registry.npmjs.org/@types%2fistanbul-reports cache-miss
974 silly fetch manifest @types/istanbul-lib-coverage@^2.0.0
975 silly packumentCache full:https://registry.npmjs.org/@types%2fistanbul-lib-coverage cache-miss
976 silly fetch manifest ansi-styles@^4.1.0
977 silly packumentCache full:https://registry.npmjs.org/ansi-styles cache-hit
978 silly fetch manifest supports-color@^7.1.0
979 silly packumentCache full:https://registry.npmjs.org/supports-color cache-hit
980 http fetch GET 200 https://registry.npmjs.org/@types%2fistanbul-lib-coverage 67ms (cache miss)
981 silly packumentCache full:https://registry.npmjs.org/@types%2fistanbul-lib-coverage set size:undefined disposed:false
982 http fetch GET 200 https://registry.npmjs.org/@types%2fyargs 71ms (cache miss)
983 silly packumentCache full:https://registry.npmjs.org/@types%2fyargs set size:undefined disposed:false
984 http fetch GET 200 https://registry.npmjs.org/@types%2fistanbul-reports 83ms (cache miss)
985 silly packumentCache full:https://registry.npmjs.org/@types%2fistanbul-reports set size:undefined disposed:false
986 silly placeDep ROOT @jest/schemas@29.6.3 OK for: @jest/types@29.6.3 want: ^29.6.3
987 silly placeDep ROOT @types/istanbul-lib-coverage@2.0.6 OK for: @jest/types@29.6.3 want: ^2.0.0
988 silly placeDep ROOT @types/istanbul-reports@3.0.4 OK for: @jest/types@29.6.3 want: ^3.0.0
989 silly placeDep ROOT @types/yargs@17.0.35 OK for: @jest/types@29.6.3 want: ^17.0.8
990 silly fetch manifest @sinclair/typebox@^0.27.8
991 silly packumentCache full:https://registry.npmjs.org/@sinclair%2ftypebox cache-miss
992 silly fetch manifest @types/istanbul-lib-report@*
993 silly packumentCache full:https://registry.npmjs.org/@types%2fistanbul-lib-report cache-miss
994 silly fetch manifest @types/yargs-parser@*
995 silly packumentCache full:https://registry.npmjs.org/@types%2fyargs-parser cache-miss
996 http fetch GET 200 https://registry.npmjs.org/@types%2fistanbul-lib-report 56ms (cache miss)
997 silly packumentCache full:https://registry.npmjs.org/@types%2fistanbul-lib-report set size:undefined disposed:false
998 http fetch GET 200 https://registry.npmjs.org/@types%2fyargs-parser 60ms (cache miss)
999 silly packumentCache full:https://registry.npmjs.org/@types%2fyargs-parser set size:undefined disposed:false
1000 http fetch GET 200 https://registry.npmjs.org/@sinclair%2ftypebox 104ms (cache miss)
1001 silly packumentCache full:https://registry.npmjs.org/@sinclair%2ftypebox set size:undefined disposed:false
1002 silly placeDep ROOT @sinclair/typebox@0.27.10 OK for: @jest/schemas@29.6.3 want: ^0.27.8
1003 silly placeDep ROOT @types/istanbul-lib-report@3.0.3 OK for: @types/istanbul-reports@3.0.4 want: *
1004 silly placeDep ROOT @types/yargs-parser@21.0.3 OK for: @types/yargs@17.0.35 want: *
1005 silly placeDep ROOT ansi-styles@4.3.0 OK for: chalk@4.1.2 want: ^4.1.0
1006 silly placeDep node_modules/chalk supports-color@7.2.0 OK for: chalk@4.1.2 want: ^7.1.0
1007 silly fetch manifest color-convert@^2.0.1
1008 silly packumentCache full:https://registry.npmjs.org/color-convert cache-miss
1009 http fetch GET 200 https://registry.npmjs.org/color-convert 57ms (cache miss)
1010 silly packumentCache full:https://registry.npmjs.org/color-convert set size:undefined disposed:false
1011 silly placeDep ROOT color-convert@2.0.1 OK for: ansi-styles@4.3.0 want: ^2.0.1
1012 silly fetch manifest color-name@~1.1.4
1013 silly packumentCache full:https://registry.npmjs.org/color-name cache-miss
1014 http fetch GET 200 https://registry.npmjs.org/color-name 49ms (cache miss)
1015 silly packumentCache full:https://registry.npmjs.org/color-name set size:undefined disposed:false
1016 silly placeDep ROOT color-name@1.1.4 OK for: color-convert@2.0.1 want: ~1.1.4
1017 silly placeDep node_modules/metro-babel-transformer hermes-parser@0.35.0 OK for: metro-babel-transformer@0.84.4 want: 0.35.0
1018 silly placeDep ROOT exponential-backoff@3.1.3 OK for: metro-cache@0.84.4 want: ^3.1.1
1019 silly placeDep ROOT https-proxy-agent@7.0.6 OK for: metro-cache@0.84.4 want: ^7.0.5
1020 silly fetch manifest agent-base@^7.1.2
1021 silly packumentCache full:https://registry.npmjs.org/agent-base cache-miss
1022 http fetch GET 200 https://registry.npmjs.org/agent-base 38ms (cache miss)
1023 silly packumentCache full:https://registry.npmjs.org/agent-base set size:undefined disposed:false
1024 silly placeDep ROOT agent-base@7.1.4 OK for: https-proxy-agent@7.0.6 want: ^7.1.2
1025 silly placeDep ROOT jest-validate@29.7.0 OK for: metro-config@0.84.4 want: ^29.7.0
1026 silly placeDep ROOT yaml@2.8.4 OK for: metro-config@0.84.4 want: ^2.6.1
1027 silly fetch manifest leven@^3.1.0
1028 silly packumentCache full:https://registry.npmjs.org/leven cache-miss
1029 silly fetch manifest camelcase@^6.2.0
1030 silly packumentCache full:https://registry.npmjs.org/camelcase cache-miss
1031 silly fetch manifest jest-get-type@^29.6.3
1032 silly packumentCache full:https://registry.npmjs.org/jest-get-type cache-miss
1033 http fetch GET 200 https://registry.npmjs.org/leven 59ms (cache miss)
1034 silly packumentCache full:https://registry.npmjs.org/leven set size:undefined disposed:false
1035 http fetch GET 200 https://registry.npmjs.org/camelcase 60ms (cache miss)
1036 silly packumentCache full:https://registry.npmjs.org/camelcase set size:undefined disposed:false
1037 http fetch GET 200 https://registry.npmjs.org/jest-get-type 61ms (cache miss)
1038 silly packumentCache full:https://registry.npmjs.org/jest-get-type set size:undefined disposed:false
1039 silly placeDep ROOT camelcase@6.3.0 OK for: jest-validate@29.7.0 want: ^6.2.0
1040 silly placeDep ROOT jest-get-type@29.6.3 OK for: jest-validate@29.7.0 want: ^29.6.3
1041 silly placeDep ROOT leven@3.1.0 OK for: jest-validate@29.7.0 want: ^3.1.0
1042 silly placeDep ROOT fb-watchman@2.0.2 OK for: metro-file-map@0.84.4 want: ^2.0.0
1043 silly placeDep ROOT micromatch@4.0.8 OK for: metro-file-map@0.84.4 want: ^4.0.4
1044 silly placeDep ROOT walker@1.0.8 OK for: metro-file-map@0.84.4 want: ^1.0.7
1045 silly fetch manifest bser@2.1.1
1046 silly packumentCache full:https://registry.npmjs.org/bser cache-miss
1047 silly fetch manifest braces@^3.0.3
1048 silly packumentCache full:https://registry.npmjs.org/braces cache-miss
1049 silly fetch manifest makeerror@1.0.12
1050 silly packumentCache full:https://registry.npmjs.org/makeerror cache-miss
1051 http fetch GET 200 https://registry.npmjs.org/makeerror 55ms (cache miss)
1052 silly packumentCache full:https://registry.npmjs.org/makeerror set size:undefined disposed:false
1053 http fetch GET 200 https://registry.npmjs.org/bser 66ms (cache miss)
1054 silly packumentCache full:https://registry.npmjs.org/bser set size:undefined disposed:false
1055 http fetch GET 200 https://registry.npmjs.org/braces 67ms (cache miss)
1056 silly packumentCache full:https://registry.npmjs.org/braces set size:undefined disposed:false
1057 silly placeDep ROOT bser@2.1.1 OK for: fb-watchman@2.0.2 want: 2.1.1
1058 silly fetch manifest node-int64@^0.4.0
1059 silly packumentCache full:https://registry.npmjs.org/node-int64 cache-miss
1060 http fetch GET 200 https://registry.npmjs.org/node-int64 70ms (cache miss)
1061 silly packumentCache full:https://registry.npmjs.org/node-int64 set size:undefined disposed:false
1062 silly placeDep ROOT node-int64@0.4.0 OK for: bser@2.1.1 want: ^0.4.0
1063 silly placeDep ROOT @babel/runtime@7.29.2 OK for: metro-runtime@0.84.4 want: ^7.25.0
1064 silly placeDep ROOT ob1@0.84.4 OK for: metro-source-map@0.84.4 want: 0.84.4
1065 silly placeDep ROOT vlq@1.0.1 OK for: metro-source-map@0.84.4 want: ^1.0.0
1066 silly placeDep ROOT metro-minify-terser@0.84.4 OK for: metro-transform-worker@0.84.4 want: 0.84.4
1067 silly fetch manifest terser@^5.15.0
1068 silly packumentCache full:https://registry.npmjs.org/terser cache-miss
1069 http fetch GET 200 https://registry.npmjs.org/terser 68ms (cache miss)
1070 silly packumentCache full:https://registry.npmjs.org/terser set size:undefined disposed:false
1071 silly placeDep ROOT terser@5.46.2 OK for: metro-minify-terser@0.84.4 want: ^5.15.0
1072 silly fetch manifest @jridgewell/source-map@^0.3.3
1073 silly packumentCache full:https://registry.npmjs.org/@jridgewell%2fsource-map cache-miss
1074 silly fetch manifest acorn@^8.15.0
1075 silly packumentCache full:https://registry.npmjs.org/acorn cache-miss
1076 silly fetch manifest commander@^2.20.0
1077 silly packumentCache full:https://registry.npmjs.org/commander cache-miss
1078 silly fetch manifest source-map-support@~0.5.20
1079 silly packumentCache full:https://registry.npmjs.org/source-map-support cache-miss
1080 http cache https://registry.npmjs.org/commander 2ms (cache hit)
1081 silly packumentCache full:https://registry.npmjs.org/commander set size:306301 disposed:false
1082 http fetch GET 200 https://registry.npmjs.org/source-map-support 56ms (cache miss)
1083 silly packumentCache full:https://registry.npmjs.org/source-map-support set size:undefined disposed:false
1084 http fetch GET 200 https://registry.npmjs.org/acorn 63ms (cache miss)
1085 silly packumentCache full:https://registry.npmjs.org/acorn set size:undefined disposed:false
1086 http fetch GET 200 https://registry.npmjs.org/@jridgewell%2fsource-map 68ms (cache miss)
1087 silly packumentCache full:https://registry.npmjs.org/@jridgewell%2fsource-map set size:undefined disposed:false
1088 silly placeDep ROOT braces@3.0.3 OK for: micromatch@4.0.8 want: ^3.0.3
1089 silly fetch manifest fill-range@^7.1.1
1090 silly packumentCache full:https://registry.npmjs.org/fill-range cache-miss
1091 http fetch GET 200 https://registry.npmjs.org/fill-range 52ms (cache miss)
1092 silly packumentCache full:https://registry.npmjs.org/fill-range set size:undefined disposed:false
1093 silly placeDep ROOT fill-range@7.1.1 OK for: braces@3.0.3 want: ^7.1.1
1094 silly fetch manifest to-regex-range@^5.0.1
1095 silly packumentCache full:https://registry.npmjs.org/to-regex-range cache-miss
1096 http fetch GET 200 https://registry.npmjs.org/to-regex-range 62ms (cache miss)
1097 silly packumentCache full:https://registry.npmjs.org/to-regex-range set size:undefined disposed:false
1098 silly placeDep ROOT to-regex-range@5.0.1 OK for: fill-range@7.1.1 want: ^5.0.1
1099 silly fetch manifest is-number@^7.0.0
1100 silly packumentCache full:https://registry.npmjs.org/is-number cache-miss
1101 http fetch GET 200 https://registry.npmjs.org/is-number 49ms (cache miss)
1102 silly packumentCache full:https://registry.npmjs.org/is-number set size:undefined disposed:false
1103 silly placeDep ROOT mime-db@1.54.0 OK for: mime-types@3.0.2 want: ^1.54.0
1104 silly placeDep ROOT ee-first@1.1.1 OK for: on-finished@2.3.0 want: 1.1.1
1105 silly placeDep node_modules/pretty-format ansi-styles@5.2.0 OK for: pretty-format@29.7.0 want: ^5.0.0
1106 silly placeDep ROOT react-is@18.3.1 OK for: pretty-format@29.7.0 want: ^18.0.0
1107 silly placeDep ROOT asap@2.0.6 OK for: promise@8.3.0 want: ~2.0.6
1108 silly placeDep ROOT inherits@2.0.4 OK for: queue@6.0.2 want: ~2.0.3
1109 silly placeDep ROOT shell-quote@1.8.3 OK for: react-devtools-core@6.1.5 want: ^1.6.1
1110 silly placeDep node_modules/serve-static encodeurl@2.0.0 OK for: serve-static@1.16.3 want: ~2.0.0
1111 silly placeDep ROOT send@0.19.2 OK for: serve-static@1.16.3 want: ~0.19.1
1112 silly fetch manifest depd@2.0.0
1113 silly packumentCache full:https://registry.npmjs.org/depd cache-miss
1114 silly fetch manifest etag@~1.8.1
1115 silly packumentCache full:https://registry.npmjs.org/etag cache-miss
1116 silly fetch manifest mime@1.6.0
1117 silly packumentCache full:https://registry.npmjs.org/mime cache-miss
1118 silly fetch manifest fresh@~0.5.2
1119 silly packumentCache full:https://registry.npmjs.org/fresh cache-miss
1120 silly fetch manifest destroy@1.2.0
1121 silly packumentCache full:https://registry.npmjs.org/destroy cache-miss
1122 silly fetch manifest statuses@~2.0.2
1123 silly packumentCache full:https://registry.npmjs.org/statuses cache-miss
1124 silly fetch manifest http-errors@~2.0.1
1125 silly packumentCache full:https://registry.npmjs.org/http-errors cache-miss
1126 http cache https://registry.npmjs.org/statuses 4ms (cache hit)
1127 silly packumentCache full:https://registry.npmjs.org/statuses set size:37117 disposed:false
1128 silly fetch manifest on-finished@~2.4.1
1129 silly packumentCache full:https://registry.npmjs.org/on-finished cache-miss
1130 http cache https://registry.npmjs.org/on-finished 1ms (cache hit)
1131 silly packumentCache full:https://registry.npmjs.org/on-finished set size:23212 disposed:false
1132 silly fetch manifest range-parser@~1.2.1
1133 silly packumentCache full:https://registry.npmjs.org/range-parser cache-miss
1134 http fetch GET 200 https://registry.npmjs.org/etag 65ms (cache miss)
1135 silly packumentCache full:https://registry.npmjs.org/etag set size:undefined disposed:false
1136 http fetch GET 200 https://registry.npmjs.org/range-parser 64ms (cache miss)
1137 silly packumentCache full:https://registry.npmjs.org/range-parser set size:undefined disposed:false
1138 http fetch GET 200 https://registry.npmjs.org/mime 72ms (cache miss)
1139 silly packumentCache full:https://registry.npmjs.org/mime set size:undefined disposed:false
1140 http fetch GET 200 https://registry.npmjs.org/destroy 73ms (cache miss)
1141 silly packumentCache full:https://registry.npmjs.org/destroy set size:undefined disposed:false
1142 http fetch GET 200 https://registry.npmjs.org/fresh 74ms (cache miss)
1143 silly packumentCache full:https://registry.npmjs.org/fresh set size:undefined disposed:false
1144 http fetch GET 200 https://registry.npmjs.org/depd 74ms (cache miss)
1145 silly packumentCache full:https://registry.npmjs.org/depd set size:undefined disposed:false
1146 http fetch GET 200 https://registry.npmjs.org/http-errors 74ms (cache miss)
1147 silly packumentCache full:https://registry.npmjs.org/http-errors set size:undefined disposed:false
1148 silly placeDep node_modules/send debug@2.6.9 OK for: send@0.19.2 want: 2.6.9
1149 silly placeDep ROOT depd@2.0.0 OK for: send@0.19.2 want: 2.0.0
1150 silly placeDep ROOT destroy@1.2.0 OK for: send@0.19.2 want: 1.2.0
1151 silly placeDep node_modules/send encodeurl@2.0.0 OK for: send@0.19.2 want: ~2.0.0
1152 silly placeDep ROOT etag@1.8.1 OK for: send@0.19.2 want: ~1.8.1
1153 silly placeDep ROOT fresh@0.5.2 OK for: send@0.19.2 want: ~0.5.2
1154 silly placeDep ROOT http-errors@2.0.1 OK for: send@0.19.2 want: ~2.0.1
1155 silly placeDep ROOT mime@1.6.0 OK for: send@0.19.2 want: 1.6.0
1156 silly placeDep node_modules/send on-finished@2.4.1 OK for: send@0.19.2 want: ~2.4.1
1157 silly placeDep ROOT range-parser@1.2.1 OK for: send@0.19.2 want: ~1.2.1
1158 silly placeDep node_modules/send statuses@2.0.2 OK for: send@0.19.2 want: ~2.0.2
1159 silly fetch manifest setprototypeof@~1.2.0
1160 silly packumentCache full:https://registry.npmjs.org/setprototypeof cache-miss
1161 silly fetch manifest toidentifier@~1.0.1
1162 silly packumentCache full:https://registry.npmjs.org/toidentifier cache-miss
1163 http fetch GET 200 https://registry.npmjs.org/setprototypeof 46ms (cache miss)
1164 silly packumentCache full:https://registry.npmjs.org/setprototypeof set size:undefined disposed:false
1165 http fetch GET 200 https://registry.npmjs.org/toidentifier 50ms (cache miss)
1166 silly packumentCache full:https://registry.npmjs.org/toidentifier set size:undefined disposed:false
1167 silly placeDep ROOT setprototypeof@1.2.0 OK for: http-errors@2.0.1 want: ~1.2.0
1168 silly placeDep node_modules/http-errors statuses@2.0.2 OK for: http-errors@2.0.1 want: ~2.0.2
1169 silly placeDep ROOT toidentifier@1.0.1 OK for: http-errors@2.0.1 want: ~1.0.1
1170 silly placeDep ROOT shebang-regex@3.0.0 OK for: shebang-command@2.0.0 want: ^3.0.0
1171 silly placeDep ROOT type-fest@0.7.1 OK for: stacktrace-parser@0.1.11 want: ^0.7.1
1172 silly placeDep ROOT has-flag@4.0.0 OK for: supports-color@8.1.1 want: ^4.0.0
1173 silly placeDep ROOT @jridgewell/source-map@0.3.11 OK for: terser@5.46.2 want: ^0.3.3
1174 silly placeDep ROOT acorn@8.16.0 OK for: terser@5.46.2 want: ^8.15.0
1175 silly placeDep node_modules/terser commander@2.20.3 OK for: terser@5.46.2 want: ^2.20.0
1176 silly placeDep ROOT source-map-support@0.5.21 OK for: terser@5.46.2 want: ~0.5.20
1177 silly fetch manifest buffer-from@^1.0.0
1178 silly packumentCache full:https://registry.npmjs.org/buffer-from cache-miss
1179 silly fetch manifest source-map@^0.6.0
1180 silly packumentCache full:https://registry.npmjs.org/source-map cache-miss
1181 http cache https://registry.npmjs.org/source-map 7ms (cache hit)
1182 silly packumentCache full:https://registry.npmjs.org/source-map set size:226141 disposed:false
1183 http fetch GET 200 https://registry.npmjs.org/buffer-from 41ms (cache miss)
1184 silly packumentCache full:https://registry.npmjs.org/buffer-from set size:undefined disposed:false
1185 silly placeDep ROOT buffer-from@1.1.2 OK for: source-map-support@0.5.21 want: ^1.0.0
1186 silly placeDep node_modules/source-map-support source-map@0.6.1 OK for: source-map-support@0.5.21 want: ^0.6.0
1187 silly placeDep node_modules/tinyglobby fdir@6.5.0 OK for: tinyglobby@0.2.16 want: ^6.5.0
1188 silly placeDep node_modules/tinyglobby picomatch@4.0.4 OK for: fdir@6.5.0 want: ^3 || ^4
1189 silly placeDep ROOT is-number@7.0.0 OK for: to-regex-range@5.0.1 want: ^7.0.0
1190 silly placeDep ROOT escalade@3.2.0 OK for: update-browserslist-db@1.2.3 want: ^3.2.0
1191 silly placeDep ROOT makeerror@1.0.12 OK for: walker@1.0.8 want: 1.0.12
1192 silly fetch manifest tmpl@1.0.5
1193 silly packumentCache full:https://registry.npmjs.org/tmpl cache-miss
1194 http fetch GET 200 https://registry.npmjs.org/tmpl 51ms (cache miss)
1195 silly packumentCache full:https://registry.npmjs.org/tmpl set size:undefined disposed:false
1196 silly placeDep ROOT tmpl@1.0.5 OK for: makeerror@1.0.12 want: 1.0.5
1197 silly placeDep ROOT isexe@2.0.0 OK for: which@2.0.2 want: ^2.0.0
1198 silly placeDep ROOT cliui@8.0.1 OK for: yargs@17.7.2 want: ^8.0.1
1199 silly placeDep ROOT get-caller-file@2.0.5 OK for: yargs@17.7.2 want: ^2.0.5
1200 silly placeDep ROOT require-directory@2.1.1 OK for: yargs@17.7.2 want: ^2.1.1
1201 silly placeDep ROOT string-width@4.2.3 OK for: yargs@17.7.2 want: ^4.2.3
1202 silly placeDep ROOT y18n@5.0.8 OK for: yargs@17.7.2 want: ^5.0.5
1203 silly placeDep ROOT yargs-parser@21.1.1 OK for: yargs@17.7.2 want: ^21.1.1
1204 silly fetch manifest wrap-ansi@^7.0.0
1205 silly packumentCache full:https://registry.npmjs.org/wrap-ansi cache-miss
1206 silly fetch manifest strip-ansi@^6.0.1
1207 silly packumentCache full:https://registry.npmjs.org/strip-ansi cache-miss
1208 silly fetch manifest string-width@^4.2.0
1209 silly packumentCache full:https://registry.npmjs.org/string-width cache-miss
1210 silly fetch manifest strip-ansi@^6.0.1
1211 silly packumentCache full:https://registry.npmjs.org/strip-ansi cache-miss
1212 silly fetch manifest emoji-regex@^8.0.0
1213 silly packumentCache full:https://registry.npmjs.org/emoji-regex cache-miss
1214 silly fetch manifest is-fullwidth-code-point@^3.0.0
1215 silly packumentCache full:https://registry.npmjs.org/is-fullwidth-code-point cache-miss
1216 http cache https://registry.npmjs.org/strip-ansi 5ms (cache hit)
1217 silly packumentCache full:https://registry.npmjs.org/strip-ansi set size:44998 disposed:false
1218 http cache https://registry.npmjs.org/strip-ansi 7ms (cache hit)
1219 silly packumentCache full:https://registry.npmjs.org/strip-ansi set size:44998 disposed:false
1220 silly packumentCache full:https://registry.npmjs.org/strip-ansi dispose
1221 http cache https://registry.npmjs.org/string-width 8ms (cache hit)
1222 silly packumentCache full:https://registry.npmjs.org/string-width set size:70381 disposed:false
1223 http fetch GET 200 https://registry.npmjs.org/wrap-ansi 54ms (cache miss)
1224 silly packumentCache full:https://registry.npmjs.org/wrap-ansi set size:undefined disposed:false
1225 http fetch GET 200 https://registry.npmjs.org/is-fullwidth-code-point 56ms (cache miss)
1226 silly packumentCache full:https://registry.npmjs.org/is-fullwidth-code-point set size:undefined disposed:false
1227 http fetch GET 200 https://registry.npmjs.org/emoji-regex 59ms (cache miss)
1228 silly packumentCache full:https://registry.npmjs.org/emoji-regex set size:undefined disposed:false
1229 silly placeDep ROOT strip-ansi@6.0.1 OK for: cliui@8.0.1 want: ^6.0.1
1230 silly placeDep ROOT wrap-ansi@7.0.0 OK for: cliui@8.0.1 want: ^7.0.0
1231 silly placeDep ROOT emoji-regex@8.0.0 OK for: string-width@4.2.3 want: ^8.0.0
1232 silly placeDep ROOT is-fullwidth-code-point@3.0.0 OK for: string-width@4.2.3 want: ^3.0.0
1233 silly placeDep node_modules/connect ms@2.0.0 OK for: debug@2.6.9 want: 2.0.0
1234 silly placeDep node_modules/finalhandler ms@2.0.0 OK for: debug@2.6.9 want: 2.0.0
1235 silly placeDep node_modules/lighthouse-logger ms@2.0.0 OK for: debug@2.6.9 want: 2.0.0
1236 silly placeDep node_modules/metro-babel-transformer hermes-estree@0.35.0 OK for: hermes-parser@0.35.0 want: 0.35.0
1237 silly placeDep node_modules/metro hermes-estree@0.35.0 OK for: hermes-parser@0.35.0 want: 0.35.0
1238 silly placeDep node_modules/send/node_modules/debug ms@2.0.0 OK for: debug@2.6.9 want: 2.0.0
1239 silly reify moves {}
1240 silly audit bulk request {
1240 silly audit   'react-native': [ '0.85.2' ],
1240 silly audit   react: [ '19.2.5' ],
1240 silly audit   '@react-native/assets-registry': [ '0.85.2' ],
1240 silly audit   '@react-native/codegen': [ '0.85.2' ],
1240 silly audit   '@react-native/community-cli-plugin': [ '0.85.2' ],
1240 silly audit   '@react-native/gradle-plugin': [ '0.85.2' ],
1240 silly audit   '@react-native/js-polyfills': [ '0.85.2' ],
1240 silly audit   '@react-native/normalize-colors': [ '0.85.2' ],
1240 silly audit   '@react-native/virtualized-lists': [ '0.85.2' ],
1240 silly audit   'abort-controller': [ '3.0.0' ],
1240 silly audit   anser: [ '1.4.10' ],
1240 silly audit   'ansi-regex': [ '5.0.1' ],
1240 silly audit   'babel-plugin-syntax-hermes-parser': [ '0.33.3' ],
1240 silly audit   'base64-js': [ '1.5.1' ],
1240 silly audit   commander: [ '12.1.0', '2.20.3' ],
1240 silly audit   'flow-enums-runtime': [ '0.0.6' ],
1240 silly audit   'hermes-compiler': [ '250829098.0.10' ],
1240 silly audit   invariant: [ '2.2.4' ],
1240 silly audit   'memoize-one': [ '5.2.1' ],
1240 silly audit   'metro-runtime': [ '0.84.4' ],
1240 silly audit   'metro-source-map': [ '0.84.4' ],
1240 silly audit   nullthrows: [ '1.1.1' ],
1240 silly audit   'pretty-format': [ '29.7.0' ],
1240 silly audit   promise: [ '8.3.0' ],
1240 silly audit   'react-devtools-core': [ '6.1.5' ],
1240 silly audit   'react-refresh': [ '0.14.2' ],
1240 silly audit   'regenerator-runtime': [ '0.13.11' ],
1240 silly audit   scheduler: [ '0.27.0' ],
1240 silly audit   semver: [ '7.7.4', '6.3.1' ],
1240 silly audit   'stacktrace-parser': [ '0.1.11' ],
1240 silly audit   tinyglobby: [ '0.2.16' ],
1240 silly audit   'whatwg-fetch': [ '3.6.20' ],
1240 silly audit   ws: [ '7.5.10' ],
1240 silly audit   yargs: [ '17.7.2' ],
1240 silly audit   '@babel/core': [ '7.29.0' ],
1240 silly audit   '@babel/parser': [ '7.29.3' ],
1240 silly audit   'hermes-parser': [ '0.33.3', '0.35.0' ],
1240 silly audit   '@babel/code-frame': [ '7.29.0' ],
1240 silly audit   '@babel/generator': [ '7.29.1' ],
1240 silly audit   '@babel/helper-compilation-targets': [ '7.28.6' ],
1240 silly audit   '@babel/helper-module-transforms': [ '7.28.6' ],
1240 silly audit   '@babel/helpers': [ '7.29.2' ],
1240 silly audit   '@babel/template': [ '7.28.6' ],
1240 silly audit   '@babel/traverse': [ '7.29.0' ],
1240 silly audit   '@babel/types': [ '7.29.0' ],
1240 silly audit   '@jridgewell/remapping': [ '2.3.5' ],
1240 silly audit   'convert-source-map': [ '2.0.0' ],
1240 silly audit   debug: [ '4.4.3', '2.6.9' ],
1240 silly audit   gensync: [ '1.0.0-beta.2' ],
1240 silly audit   json5: [ '2.2.3' ],
1240 silly audit   '@babel/helper-validator-identifier': [ '7.28.5' ],
1240 silly audit   'js-tokens': [ '4.0.0' ],
1240 silly audit   picocolors: [ '1.1.1' ],
1240 silly audit   '@jridgewell/gen-mapping': [ '0.3.13' ],
1240 silly audit   '@jridgewell/trace-mapping': [ '0.3.31' ],
1240 silly audit   jsesc: [ '3.1.0' ],
1240 silly audit   '@babel/compat-data': [ '7.29.3' ],
1240 silly audit   '@babel/helper-validator-option': [ '7.27.1' ],
1240 silly audit   browserslist: [ '4.28.2' ],
1240 silly audit   'lru-cache': [ '5.1.1' ],
1240 silly audit   '@babel/helper-module-imports': [ '7.28.6' ],
1240 silly audit   '@babel/helper-globals': [ '7.28.0' ],
1240 silly audit   '@babel/helper-string-parser': [ '7.27.1' ],
1240 silly audit   '@jridgewell/sourcemap-codec': [ '1.5.5' ],
1240 silly audit   '@jridgewell/resolve-uri': [ '3.1.2' ],
1240 silly audit   '@react-native/dev-middleware': [ '0.85.2' ],
1240 silly audit   metro: [ '0.84.4' ],
1240 silly audit   'metro-config': [ '0.84.4' ],
1240 silly audit   'metro-core': [ '0.84.4' ],
1240 silly audit   '@isaacs/ttlcache': [ '1.4.1' ],
1240 silly audit   '@react-native/debugger-frontend': [ '0.85.2' ],
1240 silly audit   '@react-native/debugger-shell': [ '0.85.2' ],
1240 silly audit   'chrome-launcher': [ '0.15.2' ],
1240 silly audit   'chromium-edge-launcher': [ '0.3.0' ],
1240 silly audit   connect: [ '3.7.0' ],
1240 silly audit   open: [ '7.4.2' ],
1240 silly audit   'serve-static': [ '1.16.3' ],
1240 silly audit   'cross-spawn': [ '7.0.6' ],
1240 silly audit   'fb-dotslash': [ '0.5.8' ],
1240 silly audit   'event-target-shim': [ '5.0.1' ],
1240 silly audit   'baseline-browser-mapping': [ '2.10.25' ],
1240 silly audit   'caniuse-lite': [ '1.0.30001791' ],
1240 silly audit   'electron-to-chromium': [ '1.5.349' ],
1240 silly audit   'node-releases': [ '2.0.38' ],
1240 silly audit   'update-browserslist-db': [ '1.2.3' ],
1240 silly audit   '@types/node': [ '25.6.0' ],
1240 silly audit   'escape-string-regexp': [ '4.0.0' ],
1240 silly audit   'is-wsl': [ '2.2.0' ],
1240 silly audit   'lighthouse-logger': [ '1.4.2' ],
1240 silly audit   'undici-types': [ '7.19.2' ],
1240 silly audit   mkdirp: [ '1.0.4' ],
1240 silly audit   finalhandler: [ '1.1.2' ],
1240 silly audit   parseurl: [ '1.3.3' ],
1240 silly audit   'utils-merge': [ '1.0.1' ],
1240 silly audit   'path-key': [ '3.1.1' ],
1240 silly audit   'shebang-command': [ '2.0.0' ],
1240 silly audit   which: [ '2.0.2' ],
1240 silly audit   ms: [ '2.1.3', '2.0.0' ],
1240 silly audit   encodeurl: [ '1.0.2', '2.0.0' ],
1240 silly audit   'escape-html': [ '1.0.3' ],
1240 silly audit   'on-finished': [ '2.3.0', '2.4.1' ],
1240 silly audit   statuses: [ '1.5.0', '2.0.2' ],
1240 silly audit   unpipe: [ '1.0.0' ],
1240 silly audit   'hermes-estree': [ '0.33.3', '0.35.0' ],
1240 silly audit   'loose-envify': [ '1.4.0' ],
1240 silly audit   'is-docker': [ '2.2.1' ],
1240 silly audit   marky: [ '1.3.0' ],
1240 silly audit   yallist: [ '3.1.1' ],
1240 silly audit   accepts: [ '2.0.0' ],
1240 silly audit   'ci-info': [ '2.0.0', '3.9.0' ],
1240 silly audit   'error-stack-parser': [ '2.1.4' ],
1240 silly audit   'graceful-fs': [ '4.2.11' ],
1240 silly audit   'image-size': [ '1.2.1' ],
1240 silly audit   'jest-worker': [ '29.7.0' ],
1240 silly audit   'jsc-safe-url': [ '0.2.4' ],
1240 silly audit   'lodash.throttle': [ '4.1.1' ],
1240 silly audit   'metro-babel-transformer': [ '0.84.4' ],
1240 silly audit   'metro-cache': [ '0.84.4' ],
1240 silly audit   'metro-cache-key': [ '0.84.4' ],
1240 silly audit   'metro-file-map': [ '0.84.4' ],
1240 silly audit   'metro-resolver': [ '0.84.4' ],
1240 silly audit   'metro-symbolicate': [ '0.84.4' ],
1240 silly audit   'metro-transform-plugins': [ '0.84.4' ],
1240 silly audit   'metro-transform-worker': [ '0.84.4' ],
1240 silly audit   'mime-types': [ '3.0.2' ],
1240 silly audit   'serialize-error': [ '2.1.0' ],
1240 silly audit   'source-map': [ '0.5.7', '0.6.1' ],
1240 silly audit   throat: [ '5.0.0' ],
1240 silly audit   negotiator: [ '1.0.0' ],
1240 silly audit   stackframe: [ '1.3.4' ],
1240 silly audit   queue: [ '6.0.2' ],
1240 silly audit   'jest-util': [ '29.7.0' ],
1240 silly audit   'merge-stream': [ '2.0.0' ],
1240 silly audit   'supports-color': [ '8.1.1', '7.2.0' ],
1240 silly audit   '@jest/types': [ '29.6.3' ],
1240 silly audit   chalk: [ '4.1.2' ],
1240 silly audit   picomatch: [ '2.3.2', '4.0.4' ],
1240 silly audit   '@jest/schemas': [ '29.6.3' ],
1240 silly audit   '@types/istanbul-lib-coverage': [ '2.0.6' ],
1240 silly audit   '@types/istanbul-reports': [ '3.0.4' ],
1240 silly audit   '@types/yargs': [ '17.0.35' ],
1240 silly audit   '@sinclair/typebox': [ '0.27.10' ],
1240 silly audit   '@types/istanbul-lib-report': [ '3.0.3' ],
1240 silly audit   '@types/yargs-parser': [ '21.0.3' ],
1240 silly audit   'ansi-styles': [ '4.3.0', '5.2.0' ],
1240 silly audit   'color-convert': [ '2.0.1' ],
1240 silly audit   'color-name': [ '1.1.4' ],
1240 silly audit   'exponential-backoff': [ '3.1.3' ],
1240 silly audit   'https-proxy-agent': [ '7.0.6' ],
1240 silly audit   'agent-base': [ '7.1.4' ],
1240 silly audit   'jest-validate': [ '29.7.0' ],
1240 silly audit   yaml: [ '2.8.4' ],
1240 silly audit   camelcase: [ '6.3.0' ],
1240 silly audit   'jest-get-type': [ '29.6.3' ],
1240 silly audit   leven: [ '3.1.0' ],
1240 silly audit   'fb-watchman': [ '2.0.2' ],
1240 silly audit   micromatch: [ '4.0.8' ],
1240 silly audit   walker: [ '1.0.8' ],
1240 silly audit   bser: [ '2.1.1' ],
1240 silly audit   'node-int64': [ '0.4.0' ],
1240 silly audit   '@babel/runtime': [ '7.29.2' ],
1240 silly audit   ob1: [ '0.84.4' ],
1240 silly audit   vlq: [ '1.0.1' ],
1240 silly audit   'metro-minify-terser': [ '0.84.4' ],
1240 silly audit   terser: [ '5.46.2' ],
1240 silly audit   braces: [ '3.0.3' ],
1240 silly audit   'fill-range': [ '7.1.1' ],
1240 silly audit   'to-regex-range': [ '5.0.1' ],
1240 silly audit   'mime-db': [ '1.54.0' ],
1240 silly audit   'ee-first': [ '1.1.1' ],
1240 silly audit   'react-is': [ '18.3.1' ],
1240 silly audit   asap: [ '2.0.6' ],
1240 silly audit   inherits: [ '2.0.4' ],
1240 silly audit   'shell-quote': [ '1.8.3' ],
1240 silly audit   send: [ '0.19.2' ],
1240 silly audit   depd: [ '2.0.0' ],
1240 silly audit   destroy: [ '1.2.0' ],
1240 silly audit   etag: [ '1.8.1' ],
1240 silly audit   fresh: [ '0.5.2' ],
1240 silly audit   'http-errors': [ '2.0.1' ],
1240 silly audit   mime: [ '1.6.0' ],
1240 silly audit   'range-parser': [ '1.2.1' ],
1240 silly audit   setprototypeof: [ '1.2.0' ],
1240 silly audit   toidentifier: [ '1.0.1' ],
1240 silly audit   'shebang-regex': [ '3.0.0' ],
1240 silly audit   'type-fest': [ '0.7.1' ],
1240 silly audit   'has-flag': [ '4.0.0' ],
1240 silly audit   '@jridgewell/source-map': [ '0.3.11' ],
1240 silly audit   acorn: [ '8.16.0' ],
1240 silly audit   'source-map-support': [ '0.5.21' ],
1240 silly audit   'buffer-from': [ '1.1.2' ],
1240 silly audit   fdir: [ '6.5.0' ],
1240 silly audit   'is-number': [ '7.0.0' ],
1240 silly audit   escalade: [ '3.2.0' ],
1240 silly audit   makeerror: [ '1.0.12' ],
1240 silly audit   tmpl: [ '1.0.5' ],
1240 silly audit   isexe: [ '2.0.0' ],
1240 silly audit   cliui: [ '8.0.1' ],
1240 silly audit   'get-caller-file': [ '2.0.5' ],
1240 silly audit   'require-directory': [ '2.1.1' ],
1240 silly audit   'string-width': [ '4.2.3' ],
1240 silly audit   y18n: [ '5.0.8' ],
1240 silly audit   'yargs-parser': [ '21.1.1' ],
1240 silly audit   'strip-ansi': [ '6.0.1' ],
1240 silly audit   'wrap-ansi': [ '7.0.0' ],
1240 silly audit   'emoji-regex': [ '8.0.0' ],
1240 silly audit   'is-fullwidth-code-point': [ '3.0.0' ]
1240 silly audit }
1241 http cache is-fullwidth-code-point@https://registry.npmjs.org/is-fullwidth-code-point/-/is-fullwidth-code-point-3.0.0.tgz 0ms (cache hit)
1242 http cache emoji-regex@https://registry.npmjs.org/emoji-regex/-/emoji-regex-8.0.0.tgz 0ms (cache hit)
1243 http cache wrap-ansi@https://registry.npmjs.org/wrap-ansi/-/wrap-ansi-7.0.0.tgz 0ms (cache hit)
1244 http cache yargs-parser@https://registry.npmjs.org/yargs-parser/-/yargs-parser-21.1.1.tgz 0ms (cache hit)
1245 http cache strip-ansi@https://registry.npmjs.org/strip-ansi/-/strip-ansi-6.0.1.tgz 0ms (cache hit)
1246 http cache y18n@https://registry.npmjs.org/y18n/-/y18n-5.0.8.tgz 0ms (cache hit)
1247 http cache string-width@https://registry.npmjs.org/string-width/-/string-width-4.2.3.tgz 0ms (cache hit)
1248 http cache require-directory@https://registry.npmjs.org/require-directory/-/require-directory-2.1.1.tgz 0ms (cache hit)
1249 http cache cliui@https://registry.npmjs.org/cliui/-/cliui-8.0.1.tgz 0ms (cache hit)
1250 http cache isexe@https://registry.npmjs.org/isexe/-/isexe-2.0.0.tgz 0ms (cache hit)
1251 http cache get-caller-file@https://registry.npmjs.org/get-caller-file/-/get-caller-file-2.0.5.tgz 0ms (cache hit)
1252 http cache tmpl@https://registry.npmjs.org/tmpl/-/tmpl-1.0.5.tgz 0ms (cache hit)
1253 http cache makeerror@https://registry.npmjs.org/makeerror/-/makeerror-1.0.12.tgz 0ms (cache hit)
1254 http cache escalade@https://registry.npmjs.org/escalade/-/escalade-3.2.0.tgz 0ms (cache hit)
1255 http cache is-number@https://registry.npmjs.org/is-number/-/is-number-7.0.0.tgz 0ms (cache hit)
1256 http cache source-map-support@https://registry.npmjs.org/source-map-support/-/source-map-support-0.5.21.tgz 0ms (cache hit)
1257 http cache buffer-from@https://registry.npmjs.org/buffer-from/-/buffer-from-1.1.2.tgz 0ms (cache hit)
1258 http cache acorn@https://registry.npmjs.org/acorn/-/acorn-8.16.0.tgz 0ms (cache hit)
1259 http cache @jridgewell/source-map@https://registry.npmjs.org/@jridgewell/source-map/-/source-map-0.3.11.tgz 0ms (cache hit)
1260 http cache has-flag@https://registry.npmjs.org/has-flag/-/has-flag-4.0.0.tgz 0ms (cache hit)
1261 http cache type-fest@https://registry.npmjs.org/type-fest/-/type-fest-0.7.1.tgz 0ms (cache hit)
1262 http cache shebang-regex@https://registry.npmjs.org/shebang-regex/-/shebang-regex-3.0.0.tgz 0ms (cache hit)
1263 http cache toidentifier@https://registry.npmjs.org/toidentifier/-/toidentifier-1.0.1.tgz 0ms (cache hit)
1264 http cache setprototypeof@https://registry.npmjs.org/setprototypeof/-/setprototypeof-1.2.0.tgz 0ms (cache hit)
1265 http cache range-parser@https://registry.npmjs.org/range-parser/-/range-parser-1.2.1.tgz 0ms (cache hit)
1266 http cache mime@https://registry.npmjs.org/mime/-/mime-1.6.0.tgz 0ms (cache hit)
1267 http cache http-errors@https://registry.npmjs.org/http-errors/-/http-errors-2.0.1.tgz 0ms (cache hit)
1268 http cache fresh@https://registry.npmjs.org/fresh/-/fresh-0.5.2.tgz 0ms (cache hit)
1269 http cache etag@https://registry.npmjs.org/etag/-/etag-1.8.1.tgz 0ms (cache hit)
1270 http cache destroy@https://registry.npmjs.org/destroy/-/destroy-1.2.0.tgz 0ms (cache hit)
1271 http cache depd@https://registry.npmjs.org/depd/-/depd-2.0.0.tgz 0ms (cache hit)
1272 http cache send@https://registry.npmjs.org/send/-/send-0.19.2.tgz 0ms (cache hit)
1273 http cache shell-quote@https://registry.npmjs.org/shell-quote/-/shell-quote-1.8.3.tgz 0ms (cache hit)
1274 http cache inherits@https://registry.npmjs.org/inherits/-/inherits-2.0.4.tgz 0ms (cache hit)
1275 http cache asap@https://registry.npmjs.org/asap/-/asap-2.0.6.tgz 0ms (cache hit)
1276 http cache react-is@https://registry.npmjs.org/react-is/-/react-is-18.3.1.tgz 0ms (cache hit)
1277 http cache ee-first@https://registry.npmjs.org/ee-first/-/ee-first-1.1.1.tgz 0ms (cache hit)
1278 http cache mime-db@https://registry.npmjs.org/mime-db/-/mime-db-1.54.0.tgz 0ms (cache hit)
1279 http cache to-regex-range@https://registry.npmjs.org/to-regex-range/-/to-regex-range-5.0.1.tgz 0ms (cache hit)
1280 http cache fill-range@https://registry.npmjs.org/fill-range/-/fill-range-7.1.1.tgz 0ms (cache hit)
1281 http cache braces@https://registry.npmjs.org/braces/-/braces-3.0.3.tgz 0ms (cache hit)
1282 http cache terser@https://registry.npmjs.org/terser/-/terser-5.46.2.tgz 0ms (cache hit)
1283 http cache metro-minify-terser@https://registry.npmjs.org/metro-minify-terser/-/metro-minify-terser-0.84.4.tgz 0ms (cache hit)
1284 http cache vlq@https://registry.npmjs.org/vlq/-/vlq-1.0.1.tgz 0ms (cache hit)
1285 http cache ob1@https://registry.npmjs.org/ob1/-/ob1-0.84.4.tgz 0ms (cache hit)
1286 http cache node-int64@https://registry.npmjs.org/node-int64/-/node-int64-0.4.0.tgz 0ms (cache hit)
1287 http cache @babel/runtime@https://registry.npmjs.org/@babel/runtime/-/runtime-7.29.2.tgz 0ms (cache hit)
1288 http cache bser@https://registry.npmjs.org/bser/-/bser-2.1.1.tgz 0ms (cache hit)
1289 http cache walker@https://registry.npmjs.org/walker/-/walker-1.0.8.tgz 0ms (cache hit)
1290 http cache micromatch@https://registry.npmjs.org/micromatch/-/micromatch-4.0.8.tgz 0ms (cache hit)
1291 http cache fb-watchman@https://registry.npmjs.org/fb-watchman/-/fb-watchman-2.0.2.tgz 0ms (cache hit)
1292 http cache leven@https://registry.npmjs.org/leven/-/leven-3.1.0.tgz 0ms (cache hit)
1293 http cache jest-get-type@https://registry.npmjs.org/jest-get-type/-/jest-get-type-29.6.3.tgz 0ms (cache hit)
1294 http cache camelcase@https://registry.npmjs.org/camelcase/-/camelcase-6.3.0.tgz 0ms (cache hit)
1295 http cache yaml@https://registry.npmjs.org/yaml/-/yaml-2.8.4.tgz 0ms (cache hit)
1296 http cache jest-validate@https://registry.npmjs.org/jest-validate/-/jest-validate-29.7.0.tgz 0ms (cache hit)
1297 http cache agent-base@https://registry.npmjs.org/agent-base/-/agent-base-7.1.4.tgz 0ms (cache hit)
1298 http cache https-proxy-agent@https://registry.npmjs.org/https-proxy-agent/-/https-proxy-agent-7.0.6.tgz 0ms (cache hit)
1299 http cache exponential-backoff@https://registry.npmjs.org/exponential-backoff/-/exponential-backoff-3.1.3.tgz 0ms (cache hit)
1300 http cache color-name@https://registry.npmjs.org/color-name/-/color-name-1.1.4.tgz 0ms (cache hit)
1301 http cache ansi-styles@https://registry.npmjs.org/ansi-styles/-/ansi-styles-4.3.0.tgz 0ms (cache hit)
1302 http cache color-convert@https://registry.npmjs.org/color-convert/-/color-convert-2.0.1.tgz 0ms (cache hit)
1303 http cache @types/yargs-parser@https://registry.npmjs.org/@types/yargs-parser/-/yargs-parser-21.0.3.tgz 0ms (cache hit)
1304 http cache @types/istanbul-lib-report@https://registry.npmjs.org/@types/istanbul-lib-report/-/istanbul-lib-report-3.0.3.tgz 0ms (cache hit)
1305 http cache @sinclair/typebox@https://registry.npmjs.org/@sinclair/typebox/-/typebox-0.27.10.tgz 0ms (cache hit)
1306 http cache @types/yargs@https://registry.npmjs.org/@types/yargs/-/yargs-17.0.35.tgz 0ms (cache hit)
1307 http cache @types/istanbul-reports@https://registry.npmjs.org/@types/istanbul-reports/-/istanbul-reports-3.0.4.tgz 0ms (cache hit)
1308 http cache @types/istanbul-lib-coverage@https://registry.npmjs.org/@types/istanbul-lib-coverage/-/istanbul-lib-coverage-2.0.6.tgz 0ms (cache hit)
1309 http cache picomatch@https://registry.npmjs.org/picomatch/-/picomatch-2.3.2.tgz 0ms (cache hit)
1310 http cache @jest/schemas@https://registry.npmjs.org/@jest/schemas/-/schemas-29.6.3.tgz 0ms (cache hit)
1311 http cache chalk@https://registry.npmjs.org/chalk/-/chalk-4.1.2.tgz 0ms (cache hit)
1312 http cache @jest/types@https://registry.npmjs.org/@jest/types/-/types-29.6.3.tgz 0ms (cache hit)
1313 http cache supports-color@https://registry.npmjs.org/supports-color/-/supports-color-8.1.1.tgz 0ms (cache hit)
1314 http cache merge-stream@https://registry.npmjs.org/merge-stream/-/merge-stream-2.0.0.tgz 0ms (cache hit)
1315 http cache jest-util@https://registry.npmjs.org/jest-util/-/jest-util-29.7.0.tgz 0ms (cache hit)
1316 http cache queue@https://registry.npmjs.org/queue/-/queue-6.0.2.tgz 0ms (cache hit)
1317 http cache stackframe@https://registry.npmjs.org/stackframe/-/stackframe-1.3.4.tgz 0ms (cache hit)
1318 http cache throat@https://registry.npmjs.org/throat/-/throat-5.0.0.tgz 0ms (cache hit)
1319 http cache source-map@https://registry.npmjs.org/source-map/-/source-map-0.5.7.tgz 0ms (cache hit)
1320 http cache negotiator@https://registry.npmjs.org/negotiator/-/negotiator-1.0.0.tgz 0ms (cache hit)
1321 http cache serialize-error@https://registry.npmjs.org/serialize-error/-/serialize-error-2.1.0.tgz 0ms (cache hit)
1322 http cache mime-types@https://registry.npmjs.org/mime-types/-/mime-types-3.0.2.tgz 0ms (cache hit)
1323 http cache metro-transform-worker@https://registry.npmjs.org/metro-transform-worker/-/metro-transform-worker-0.84.4.tgz 0ms (cache hit)
1324 http cache metro-transform-plugins@https://registry.npmjs.org/metro-transform-plugins/-/metro-transform-plugins-0.84.4.tgz 0ms (cache hit)
1325 http cache metro-symbolicate@https://registry.npmjs.org/metro-symbolicate/-/metro-symbolicate-0.84.4.tgz 0ms (cache hit)
1326 http cache metro-resolver@https://registry.npmjs.org/metro-resolver/-/metro-resolver-0.84.4.tgz 0ms (cache hit)
1327 http cache metro-file-map@https://registry.npmjs.org/metro-file-map/-/metro-file-map-0.84.4.tgz 0ms (cache hit)
1328 http cache metro-cache-key@https://registry.npmjs.org/metro-cache-key/-/metro-cache-key-0.84.4.tgz 0ms (cache hit)
1329 http cache metro-babel-transformer@https://registry.npmjs.org/metro-babel-transformer/-/metro-babel-transformer-0.84.4.tgz 0ms (cache hit)
1330 http cache metro-cache@https://registry.npmjs.org/metro-cache/-/metro-cache-0.84.4.tgz 0ms (cache hit)
1331 http cache lodash.throttle@https://registry.npmjs.org/lodash.throttle/-/lodash.throttle-4.1.1.tgz 0ms (cache hit)
1332 http cache jest-worker@https://registry.npmjs.org/jest-worker/-/jest-worker-29.7.0.tgz 0ms (cache hit)
1333 http cache jsc-safe-url@https://registry.npmjs.org/jsc-safe-url/-/jsc-safe-url-0.2.4.tgz 0ms (cache hit)
1334 http cache image-size@https://registry.npmjs.org/image-size/-/image-size-1.2.1.tgz 0ms (cache hit)
1335 http cache graceful-fs@https://registry.npmjs.org/graceful-fs/-/graceful-fs-4.2.11.tgz 0ms (cache hit)
1336 http cache error-stack-parser@https://registry.npmjs.org/error-stack-parser/-/error-stack-parser-2.1.4.tgz 0ms (cache hit)
1337 http cache ci-info@https://registry.npmjs.org/ci-info/-/ci-info-2.0.0.tgz 0ms (cache hit)
1338 http cache yallist@https://registry.npmjs.org/yallist/-/yallist-3.1.1.tgz 0ms (cache hit)
1339 http cache accepts@https://registry.npmjs.org/accepts/-/accepts-2.0.0.tgz 0ms (cache hit)
1340 http cache marky@https://registry.npmjs.org/marky/-/marky-1.3.0.tgz 0ms (cache hit)
1341 http cache is-docker@https://registry.npmjs.org/is-docker/-/is-docker-2.2.1.tgz 0ms (cache hit)
1342 http cache loose-envify@https://registry.npmjs.org/loose-envify/-/loose-envify-1.4.0.tgz 0ms (cache hit)
1343 http cache hermes-estree@https://registry.npmjs.org/hermes-estree/-/hermes-estree-0.33.3.tgz 0ms (cache hit)
1344 http cache unpipe@https://registry.npmjs.org/unpipe/-/unpipe-1.0.0.tgz 0ms (cache hit)
1345 http cache statuses@https://registry.npmjs.org/statuses/-/statuses-1.5.0.tgz 0ms (cache hit)
1346 http cache on-finished@https://registry.npmjs.org/on-finished/-/on-finished-2.3.0.tgz 0ms (cache hit)
1347 http cache escape-html@https://registry.npmjs.org/escape-html/-/escape-html-1.0.3.tgz 0ms (cache hit)
1348 http cache ms@https://registry.npmjs.org/ms/-/ms-2.1.3.tgz 0ms (cache hit)
1349 http cache encodeurl@https://registry.npmjs.org/encodeurl/-/encodeurl-1.0.2.tgz 0ms (cache hit)
1350 http cache shebang-command@https://registry.npmjs.org/shebang-command/-/shebang-command-2.0.0.tgz 0ms (cache hit)
1351 http cache path-key@https://registry.npmjs.org/path-key/-/path-key-3.1.1.tgz 0ms (cache hit)
1352 http cache which@https://registry.npmjs.org/which/-/which-2.0.2.tgz 0ms (cache hit)
1353 http cache utils-merge@https://registry.npmjs.org/utils-merge/-/utils-merge-1.0.1.tgz 0ms (cache hit)
1354 http cache parseurl@https://registry.npmjs.org/parseurl/-/parseurl-1.3.3.tgz 0ms (cache hit)
1355 http cache finalhandler@https://registry.npmjs.org/finalhandler/-/finalhandler-1.1.2.tgz 0ms (cache hit)
1356 http cache mkdirp@https://registry.npmjs.org/mkdirp/-/mkdirp-1.0.4.tgz 0ms (cache hit)
1357 http cache undici-types@https://registry.npmjs.org/undici-types/-/undici-types-7.19.2.tgz 0ms (cache hit)
1358 http cache lighthouse-logger@https://registry.npmjs.org/lighthouse-logger/-/lighthouse-logger-1.4.2.tgz 0ms (cache hit)
1359 http cache is-wsl@https://registry.npmjs.org/is-wsl/-/is-wsl-2.2.0.tgz 0ms (cache hit)
1360 http cache escape-string-regexp@https://registry.npmjs.org/escape-string-regexp/-/escape-string-regexp-4.0.0.tgz 0ms (cache hit)
1361 http cache @types/node@https://registry.npmjs.org/@types/node/-/node-25.6.0.tgz 0ms (cache hit)
1362 http cache update-browserslist-db@https://registry.npmjs.org/update-browserslist-db/-/update-browserslist-db-1.2.3.tgz 0ms (cache hit)
1363 http cache node-releases@https://registry.npmjs.org/node-releases/-/node-releases-2.0.38.tgz 0ms (cache hit)
1364 http cache electron-to-chromium@https://registry.npmjs.org/electron-to-chromium/-/electron-to-chromium-1.5.349.tgz 0ms (cache hit)
1365 http cache caniuse-lite@https://registry.npmjs.org/caniuse-lite/-/caniuse-lite-1.0.30001791.tgz 0ms (cache hit)
1366 http cache baseline-browser-mapping@https://registry.npmjs.org/baseline-browser-mapping/-/baseline-browser-mapping-2.10.25.tgz 0ms (cache hit)
1367 http cache event-target-shim@https://registry.npmjs.org/event-target-shim/-/event-target-shim-5.0.1.tgz 0ms (cache hit)
1368 http cache fb-dotslash@https://registry.npmjs.org/fb-dotslash/-/fb-dotslash-0.5.8.tgz 0ms (cache hit)
1369 http cache cross-spawn@https://registry.npmjs.org/cross-spawn/-/cross-spawn-7.0.6.tgz 0ms (cache hit)
1370 http cache serve-static@https://registry.npmjs.org/serve-static/-/serve-static-1.16.3.tgz 0ms (cache hit)
1371 http cache open@https://registry.npmjs.org/open/-/open-7.4.2.tgz 0ms (cache hit)
1372 http cache connect@https://registry.npmjs.org/connect/-/connect-3.7.0.tgz 0ms (cache hit)
1373 http cache chromium-edge-launcher@https://registry.npmjs.org/chromium-edge-launcher/-/chromium-edge-launcher-0.3.0.tgz 0ms (cache hit)
1374 http cache chrome-launcher@https://registry.npmjs.org/chrome-launcher/-/chrome-launcher-0.15.2.tgz 0ms (cache hit)
1375 http cache @react-native/debugger-shell@https://registry.npmjs.org/@react-native/debugger-shell/-/debugger-shell-0.85.2.tgz 0ms (cache hit)
1376 http cache @react-native/debugger-frontend@https://registry.npmjs.org/@react-native/debugger-frontend/-/debugger-frontend-0.85.2.tgz 0ms (cache hit)
1377 http cache metro-core@https://registry.npmjs.org/metro-core/-/metro-core-0.84.4.tgz 0ms (cache hit)
1378 http cache @isaacs/ttlcache@https://registry.npmjs.org/@isaacs/ttlcache/-/ttlcache-1.4.1.tgz 0ms (cache hit)
1379 http cache metro@https://registry.npmjs.org/metro/-/metro-0.84.4.tgz 0ms (cache hit)
1380 http cache metro-config@https://registry.npmjs.org/metro-config/-/metro-config-0.84.4.tgz 0ms (cache hit)
1381 http cache @react-native/dev-middleware@https://registry.npmjs.org/@react-native/dev-middleware/-/dev-middleware-0.85.2.tgz 0ms (cache hit)
1382 http cache @babel/helper-module-imports@https://registry.npmjs.org/@babel/helper-module-imports/-/helper-module-imports-7.28.6.tgz 0ms (cache hit)
1383 http cache @babel/helper-string-parser@https://registry.npmjs.org/@babel/helper-string-parser/-/helper-string-parser-7.27.1.tgz 0ms (cache hit)
1384 http cache lru-cache@https://registry.npmjs.org/lru-cache/-/lru-cache-5.1.1.tgz 0ms (cache hit)
1385 http cache browserslist@https://registry.npmjs.org/browserslist/-/browserslist-4.28.2.tgz 0ms (cache hit)
1386 http cache @jridgewell/resolve-uri@https://registry.npmjs.org/@jridgewell/resolve-uri/-/resolve-uri-3.1.2.tgz 0ms (cache hit)
1387 http cache @babel/helper-validator-option@https://registry.npmjs.org/@babel/helper-validator-option/-/helper-validator-option-7.27.1.tgz 0ms (cache hit)
1388 http cache jsesc@https://registry.npmjs.org/jsesc/-/jsesc-3.1.0.tgz 0ms (cache hit)
1389 http cache @babel/compat-data@https://registry.npmjs.org/@babel/compat-data/-/compat-data-7.29.3.tgz 0ms (cache hit)
1390 http cache @jridgewell/trace-mapping@https://registry.npmjs.org/@jridgewell/trace-mapping/-/trace-mapping-0.3.31.tgz 0ms (cache hit)
1391 http cache @jridgewell/gen-mapping@https://registry.npmjs.org/@jridgewell/gen-mapping/-/gen-mapping-0.3.13.tgz 0ms (cache hit)
1392 http cache @babel/helper-globals@https://registry.npmjs.org/@babel/helper-globals/-/helper-globals-7.28.0.tgz 0ms (cache hit)
1393 http cache picocolors@https://registry.npmjs.org/picocolors/-/picocolors-1.1.1.tgz 0ms (cache hit)
1394 http cache js-tokens@https://registry.npmjs.org/js-tokens/-/js-tokens-4.0.0.tgz 0ms (cache hit)
1395 http cache @babel/helper-validator-identifier@https://registry.npmjs.org/@babel/helper-validator-identifier/-/helper-validator-identifier-7.28.5.tgz 0ms (cache hit)
1396 http cache json5@https://registry.npmjs.org/json5/-/json5-2.2.3.tgz 0ms (cache hit)
1397 http cache gensync@https://registry.npmjs.org/gensync/-/gensync-1.0.0-beta.2.tgz 0ms (cache hit)
1398 http cache debug@https://registry.npmjs.org/debug/-/debug-4.4.3.tgz 0ms (cache hit)
1399 http cache convert-source-map@https://registry.npmjs.org/convert-source-map/-/convert-source-map-2.0.0.tgz 0ms (cache hit)
1400 http cache @babel/types@https://registry.npmjs.org/@babel/types/-/types-7.29.0.tgz 0ms (cache hit)
1401 http cache @jridgewell/remapping@https://registry.npmjs.org/@jridgewell/remapping/-/remapping-2.3.5.tgz 0ms (cache hit)
1402 http cache @jridgewell/sourcemap-codec@https://registry.npmjs.org/@jridgewell/sourcemap-codec/-/sourcemap-codec-1.5.5.tgz 0ms (cache hit)
1403 http cache @babel/traverse@https://registry.npmjs.org/@babel/traverse/-/traverse-7.29.0.tgz 0ms (cache hit)
1404 http cache @babel/template@https://registry.npmjs.org/@babel/template/-/template-7.28.6.tgz 0ms (cache hit)
1405 http cache @babel/helpers@https://registry.npmjs.org/@babel/helpers/-/helpers-7.29.2.tgz 0ms (cache hit)
1406 http cache @babel/helper-module-transforms@https://registry.npmjs.org/@babel/helper-module-transforms/-/helper-module-transforms-7.28.6.tgz 0ms (cache hit)
1407 http cache @babel/generator@https://registry.npmjs.org/@babel/generator/-/generator-7.29.1.tgz 0ms (cache hit)
1408 http cache @babel/helper-compilation-targets@https://registry.npmjs.org/@babel/helper-compilation-targets/-/helper-compilation-targets-7.28.6.tgz 0ms (cache hit)
1409 http cache @babel/code-frame@https://registry.npmjs.org/@babel/code-frame/-/code-frame-7.29.0.tgz 0ms (cache hit)
1410 http cache hermes-parser@https://registry.npmjs.org/hermes-parser/-/hermes-parser-0.33.3.tgz 0ms (cache hit)
1411 http cache @babel/parser@https://registry.npmjs.org/@babel/parser/-/parser-7.29.3.tgz 0ms (cache hit)
1412 http cache yargs@https://registry.npmjs.org/yargs/-/yargs-17.7.2.tgz 0ms (cache hit)
1413 http cache @babel/core@https://registry.npmjs.org/@babel/core/-/core-7.29.0.tgz 0ms (cache hit)
1414 http cache ws@https://registry.npmjs.org/ws/-/ws-7.5.10.tgz 0ms (cache hit)
1415 http cache whatwg-fetch@https://registry.npmjs.org/whatwg-fetch/-/whatwg-fetch-3.6.20.tgz 0ms (cache hit)
1416 http cache tinyglobby@https://registry.npmjs.org/tinyglobby/-/tinyglobby-0.2.16.tgz 0ms (cache hit)
1417 http cache stacktrace-parser@https://registry.npmjs.org/stacktrace-parser/-/stacktrace-parser-0.1.11.tgz 0ms (cache hit)
1418 http cache semver@https://registry.npmjs.org/semver/-/semver-7.7.4.tgz 0ms (cache hit)
1419 http cache scheduler@https://registry.npmjs.org/scheduler/-/scheduler-0.27.0.tgz 0ms (cache hit)
1420 http cache react-refresh@https://registry.npmjs.org/react-refresh/-/react-refresh-0.14.2.tgz 0ms (cache hit)
1421 http cache regenerator-runtime@https://registry.npmjs.org/regenerator-runtime/-/regenerator-runtime-0.13.11.tgz 0ms (cache hit)
1422 http cache react-devtools-core@https://registry.npmjs.org/react-devtools-core/-/react-devtools-core-6.1.5.tgz 0ms (cache hit)
1423 http cache promise@https://registry.npmjs.org/promise/-/promise-8.3.0.tgz 0ms (cache hit)
1424 http cache nullthrows@https://registry.npmjs.org/nullthrows/-/nullthrows-1.1.1.tgz 0ms (cache hit)
1425 http cache pretty-format@https://registry.npmjs.org/pretty-format/-/pretty-format-29.7.0.tgz 0ms (cache hit)
1426 http cache metro-source-map@https://registry.npmjs.org/metro-source-map/-/metro-source-map-0.84.4.tgz 0ms (cache hit)
1427 http cache metro-runtime@https://registry.npmjs.org/metro-runtime/-/metro-runtime-0.84.4.tgz 0ms (cache hit)
1428 http cache invariant@https://registry.npmjs.org/invariant/-/invariant-2.2.4.tgz 0ms (cache hit)
1429 http cache memoize-one@https://registry.npmjs.org/memoize-one/-/memoize-one-5.2.1.tgz 0ms (cache hit)
1430 http cache hermes-compiler@https://registry.npmjs.org/hermes-compiler/-/hermes-compiler-250829098.0.10.tgz 0ms (cache hit)
1431 http cache flow-enums-runtime@https://registry.npmjs.org/flow-enums-runtime/-/flow-enums-runtime-0.0.6.tgz 0ms (cache hit)
1432 http cache commander@https://registry.npmjs.org/commander/-/commander-12.1.0.tgz 0ms (cache hit)
1433 http cache babel-plugin-syntax-hermes-parser@https://registry.npmjs.org/babel-plugin-syntax-hermes-parser/-/babel-plugin-syntax-hermes-parser-0.33.3.tgz 0ms (cache hit)
1434 http cache base64-js@https://registry.npmjs.org/base64-js/-/base64-js-1.5.1.tgz 0ms (cache hit)
1435 http cache ansi-regex@https://registry.npmjs.org/ansi-regex/-/ansi-regex-5.0.1.tgz 0ms (cache hit)
1436 http cache anser@https://registry.npmjs.org/anser/-/anser-1.4.10.tgz 0ms (cache hit)
1437 http cache abort-controller@https://registry.npmjs.org/abort-controller/-/abort-controller-3.0.0.tgz 0ms (cache hit)
1438 http cache @react-native/virtualized-lists@https://registry.npmjs.org/@react-native/virtualized-lists/-/virtualized-lists-0.85.2.tgz 0ms (cache hit)
1439 http cache @react-native/normalize-colors@https://registry.npmjs.org/@react-native/normalize-colors/-/normalize-colors-0.85.2.tgz 0ms (cache hit)
1440 http cache @react-native/js-polyfills@https://registry.npmjs.org/@react-native/js-polyfills/-/js-polyfills-0.85.2.tgz 0ms (cache hit)
1441 http cache @react-native/gradle-plugin@https://registry.npmjs.org/@react-native/gradle-plugin/-/gradle-plugin-0.85.2.tgz 0ms (cache hit)
1442 http cache @react-native/community-cli-plugin@https://registry.npmjs.org/@react-native/community-cli-plugin/-/community-cli-plugin-0.85.2.tgz 0ms (cache hit)
1443 http cache @react-native/codegen@https://registry.npmjs.org/@react-native/codegen/-/codegen-0.85.2.tgz 0ms (cache hit)
1444 http cache @react-native/assets-registry@https://registry.npmjs.org/@react-native/assets-registry/-/assets-registry-0.85.2.tgz 0ms (cache hit)
1445 http cache react@https://registry.npmjs.org/react/-/react-19.2.5.tgz 0ms (cache hit)
1446 http cache react-native@https://registry.npmjs.org/react-native/-/react-native-0.85.2.tgz 0ms (cache hit)
1447 http cache source-map@https://registry.npmjs.org/source-map/-/source-map-0.6.1.tgz 0ms (cache hit)
1448 http cache statuses@https://registry.npmjs.org/statuses/-/statuses-2.0.2.tgz 0ms (cache hit)
1449 http cache statuses@https://registry.npmjs.org/statuses/-/statuses-2.0.2.tgz 0ms (cache hit)
1450 http cache on-finished@https://registry.npmjs.org/on-finished/-/on-finished-2.4.1.tgz 0ms (cache hit)
1451 http cache debug@https://registry.npmjs.org/debug/-/debug-2.6.9.tgz 0ms (cache hit)
1452 http cache encodeurl@https://registry.npmjs.org/encodeurl/-/encodeurl-2.0.0.tgz 0ms (cache hit)
1453 http cache ms@https://registry.npmjs.org/ms/-/ms-2.0.0.tgz 0ms (cache hit)
1454 http cache supports-color@https://registry.npmjs.org/supports-color/-/supports-color-7.2.0.tgz 0ms (cache hit)
1455 http cache hermes-estree@https://registry.npmjs.org/hermes-estree/-/hermes-estree-0.35.0.tgz 0ms (cache hit)
1456 http cache ci-info@https://registry.npmjs.org/ci-info/-/ci-info-3.9.0.tgz 0ms (cache hit)
1457 http cache commander@https://registry.npmjs.org/commander/-/commander-2.20.3.tgz 0ms (cache hit)
1458 http cache ms@https://registry.npmjs.org/ms/-/ms-2.0.0.tgz 0ms (cache hit)
1459 http cache hermes-parser@https://registry.npmjs.org/hermes-parser/-/hermes-parser-0.35.0.tgz 0ms (cache hit)
1460 http cache debug@https://registry.npmjs.org/debug/-/debug-2.6.9.tgz 0ms (cache hit)
1461 http cache ms@https://registry.npmjs.org/ms/-/ms-2.0.0.tgz 0ms (cache hit)
1462 http cache debug@https://registry.npmjs.org/debug/-/debug-2.6.9.tgz 0ms (cache hit)
1463 http cache encodeurl@https://registry.npmjs.org/encodeurl/-/encodeurl-2.0.0.tgz 0ms (cache hit)
1464 http cache debug@https://registry.npmjs.org/debug/-/debug-2.6.9.tgz 0ms (cache hit)
1465 http cache hermes-parser@https://registry.npmjs.org/hermes-parser/-/hermes-parser-0.35.0.tgz 0ms (cache hit)
1466 http cache hermes-estree@https://registry.npmjs.org/hermes-estree/-/hermes-estree-0.35.0.tgz 0ms (cache hit)
1467 http cache ms@https://registry.npmjs.org/ms/-/ms-2.0.0.tgz 0ms (cache hit)
1468 http cache semver@https://registry.npmjs.org/semver/-/semver-6.3.1.tgz 0ms (cache hit)
1469 http cache semver@https://registry.npmjs.org/semver/-/semver-6.3.1.tgz 0ms (cache hit)
1470 http cache picomatch@https://registry.npmjs.org/picomatch/-/picomatch-4.0.4.tgz 0ms (cache hit)
1471 http cache fdir@https://registry.npmjs.org/fdir/-/fdir-6.5.0.tgz 0ms (cache hit)
1472 http cache ansi-styles@https://registry.npmjs.org/ansi-styles/-/ansi-styles-5.2.0.tgz 0ms (cache hit)
1473 silly tarball no local data for is-fullwidth-code-point@https://registry.npmjs.org/is-fullwidth-code-point/-/is-fullwidth-code-point-3.0.0.tgz. Extracting by manifest.
1474 silly tarball no local data for emoji-regex@https://registry.npmjs.org/emoji-regex/-/emoji-regex-8.0.0.tgz. Extracting by manifest.
1475 silly tarball no local data for wrap-ansi@https://registry.npmjs.org/wrap-ansi/-/wrap-ansi-7.0.0.tgz. Extracting by manifest.
1476 silly tarball no local data for yargs-parser@https://registry.npmjs.org/yargs-parser/-/yargs-parser-21.1.1.tgz. Extracting by manifest.
1477 silly tarball no local data for strip-ansi@https://registry.npmjs.org/strip-ansi/-/strip-ansi-6.0.1.tgz. Extracting by manifest.
1478 silly tarball no local data for y18n@https://registry.npmjs.org/y18n/-/y18n-5.0.8.tgz. Extracting by manifest.
1479 silly tarball no local data for string-width@https://registry.npmjs.org/string-width/-/string-width-4.2.3.tgz. Extracting by manifest.
1480 silly tarball no local data for require-directory@https://registry.npmjs.org/require-directory/-/require-directory-2.1.1.tgz. Extracting by manifest.
1481 silly tarball no local data for cliui@https://registry.npmjs.org/cliui/-/cliui-8.0.1.tgz. Extracting by manifest.
1482 silly tarball no local data for isexe@https://registry.npmjs.org/isexe/-/isexe-2.0.0.tgz. Extracting by manifest.
1483 silly tarball no local data for get-caller-file@https://registry.npmjs.org/get-caller-file/-/get-caller-file-2.0.5.tgz. Extracting by manifest.
1484 silly tarball no local data for tmpl@https://registry.npmjs.org/tmpl/-/tmpl-1.0.5.tgz. Extracting by manifest.
1485 silly tarball no local data for makeerror@https://registry.npmjs.org/makeerror/-/makeerror-1.0.12.tgz. Extracting by manifest.
1486 silly tarball no local data for escalade@https://registry.npmjs.org/escalade/-/escalade-3.2.0.tgz. Extracting by manifest.
1487 silly tarball no local data for is-number@https://registry.npmjs.org/is-number/-/is-number-7.0.0.tgz. Extracting by manifest.
1488 silly tarball no local data for source-map-support@https://registry.npmjs.org/source-map-support/-/source-map-support-0.5.21.tgz. Extracting by manifest.
1489 silly tarball no local data for buffer-from@https://registry.npmjs.org/buffer-from/-/buffer-from-1.1.2.tgz. Extracting by manifest.
1490 silly tarball no local data for acorn@https://registry.npmjs.org/acorn/-/acorn-8.16.0.tgz. Extracting by manifest.
1491 silly tarball no local data for @jridgewell/source-map@https://registry.npmjs.org/@jridgewell/source-map/-/source-map-0.3.11.tgz. Extracting by manifest.
1492 silly tarball no local data for has-flag@https://registry.npmjs.org/has-flag/-/has-flag-4.0.0.tgz. Extracting by manifest.
1493 silly tarball no local data for type-fest@https://registry.npmjs.org/type-fest/-/type-fest-0.7.1.tgz. Extracting by manifest.
1494 silly tarball no local data for shebang-regex@https://registry.npmjs.org/shebang-regex/-/shebang-regex-3.0.0.tgz. Extracting by manifest.
1495 silly tarball no local data for toidentifier@https://registry.npmjs.org/toidentifier/-/toidentifier-1.0.1.tgz. Extracting by manifest.
1496 silly tarball no local data for setprototypeof@https://registry.npmjs.org/setprototypeof/-/setprototypeof-1.2.0.tgz. Extracting by manifest.
1497 silly tarball no local data for range-parser@https://registry.npmjs.org/range-parser/-/range-parser-1.2.1.tgz. Extracting by manifest.
1498 silly tarball no local data for mime@https://registry.npmjs.org/mime/-/mime-1.6.0.tgz. Extracting by manifest.
1499 silly tarball no local data for http-errors@https://registry.npmjs.org/http-errors/-/http-errors-2.0.1.tgz. Extracting by manifest.
1500 silly tarball no local data for fresh@https://registry.npmjs.org/fresh/-/fresh-0.5.2.tgz. Extracting by manifest.
1501 silly tarball no local data for etag@https://registry.npmjs.org/etag/-/etag-1.8.1.tgz. Extracting by manifest.
1502 silly tarball no local data for destroy@https://registry.npmjs.org/destroy/-/destroy-1.2.0.tgz. Extracting by manifest.
1503 silly tarball no local data for depd@https://registry.npmjs.org/depd/-/depd-2.0.0.tgz. Extracting by manifest.
1504 silly tarball no local data for send@https://registry.npmjs.org/send/-/send-0.19.2.tgz. Extracting by manifest.
1505 silly tarball no local data for shell-quote@https://registry.npmjs.org/shell-quote/-/shell-quote-1.8.3.tgz. Extracting by manifest.
1506 silly tarball no local data for asap@https://registry.npmjs.org/asap/-/asap-2.0.6.tgz. Extracting by manifest.
1507 silly tarball no local data for react-is@https://registry.npmjs.org/react-is/-/react-is-18.3.1.tgz. Extracting by manifest.
1508 silly tarball no local data for ee-first@https://registry.npmjs.org/ee-first/-/ee-first-1.1.1.tgz. Extracting by manifest.
1509 silly tarball no local data for mime-db@https://registry.npmjs.org/mime-db/-/mime-db-1.54.0.tgz. Extracting by manifest.
1510 silly tarball no local data for to-regex-range@https://registry.npmjs.org/to-regex-range/-/to-regex-range-5.0.1.tgz. Extracting by manifest.
1511 silly tarball no local data for fill-range@https://registry.npmjs.org/fill-range/-/fill-range-7.1.1.tgz. Extracting by manifest.
1512 silly tarball no local data for braces@https://registry.npmjs.org/braces/-/braces-3.0.3.tgz. Extracting by manifest.
1513 silly tarball no local data for terser@https://registry.npmjs.org/terser/-/terser-5.46.2.tgz. Extracting by manifest.
1514 silly tarball no local data for metro-minify-terser@https://registry.npmjs.org/metro-minify-terser/-/metro-minify-terser-0.84.4.tgz. Extracting by manifest.
1515 silly tarball no local data for vlq@https://registry.npmjs.org/vlq/-/vlq-1.0.1.tgz. Extracting by manifest.
1516 silly tarball no local data for ob1@https://registry.npmjs.org/ob1/-/ob1-0.84.4.tgz. Extracting by manifest.
1517 silly tarball no local data for node-int64@https://registry.npmjs.org/node-int64/-/node-int64-0.4.0.tgz. Extracting by manifest.
1518 silly tarball no local data for @babel/runtime@https://registry.npmjs.org/@babel/runtime/-/runtime-7.29.2.tgz. Extracting by manifest.
1519 silly tarball no local data for bser@https://registry.npmjs.org/bser/-/bser-2.1.1.tgz. Extracting by manifest.
1520 silly tarball no local data for walker@https://registry.npmjs.org/walker/-/walker-1.0.8.tgz. Extracting by manifest.
1521 silly tarball no local data for micromatch@https://registry.npmjs.org/micromatch/-/micromatch-4.0.8.tgz. Extracting by manifest.
1522 silly tarball no local data for fb-watchman@https://registry.npmjs.org/fb-watchman/-/fb-watchman-2.0.2.tgz. Extracting by manifest.
1523 silly tarball no local data for leven@https://registry.npmjs.org/leven/-/leven-3.1.0.tgz. Extracting by manifest.
1524 silly tarball no local data for jest-get-type@https://registry.npmjs.org/jest-get-type/-/jest-get-type-29.6.3.tgz. Extracting by manifest.
1525 silly tarball no local data for camelcase@https://registry.npmjs.org/camelcase/-/camelcase-6.3.0.tgz. Extracting by manifest.
1526 silly tarball no local data for yaml@https://registry.npmjs.org/yaml/-/yaml-2.8.4.tgz. Extracting by manifest.
1527 silly tarball no local data for jest-validate@https://registry.npmjs.org/jest-validate/-/jest-validate-29.7.0.tgz. Extracting by manifest.
1528 silly tarball no local data for agent-base@https://registry.npmjs.org/agent-base/-/agent-base-7.1.4.tgz. Extracting by manifest.
1529 silly tarball no local data for https-proxy-agent@https://registry.npmjs.org/https-proxy-agent/-/https-proxy-agent-7.0.6.tgz. Extracting by manifest.
1530 silly tarball no local data for exponential-backoff@https://registry.npmjs.org/exponential-backoff/-/exponential-backoff-3.1.3.tgz. Extracting by manifest.
1531 silly tarball no local data for color-name@https://registry.npmjs.org/color-name/-/color-name-1.1.4.tgz. Extracting by manifest.
1532 silly tarball no local data for ansi-styles@https://registry.npmjs.org/ansi-styles/-/ansi-styles-4.3.0.tgz. Extracting by manifest.
1533 silly tarball no local data for color-convert@https://registry.npmjs.org/color-convert/-/color-convert-2.0.1.tgz. Extracting by manifest.
1534 silly tarball no local data for @types/yargs-parser@https://registry.npmjs.org/@types/yargs-parser/-/yargs-parser-21.0.3.tgz. Extracting by manifest.
1535 silly tarball no local data for @types/istanbul-lib-report@https://registry.npmjs.org/@types/istanbul-lib-report/-/istanbul-lib-report-3.0.3.tgz. Extracting by manifest.
1536 silly tarball no local data for @sinclair/typebox@https://registry.npmjs.org/@sinclair/typebox/-/typebox-0.27.10.tgz. Extracting by manifest.
1537 silly tarball no local data for @types/yargs@https://registry.npmjs.org/@types/yargs/-/yargs-17.0.35.tgz. Extracting by manifest.
1538 silly tarball no local data for @types/istanbul-reports@https://registry.npmjs.org/@types/istanbul-reports/-/istanbul-reports-3.0.4.tgz. Extracting by manifest.
1539 silly tarball no local data for @types/istanbul-lib-coverage@https://registry.npmjs.org/@types/istanbul-lib-coverage/-/istanbul-lib-coverage-2.0.6.tgz. Extracting by manifest.
1540 silly tarball no local data for picomatch@https://registry.npmjs.org/picomatch/-/picomatch-2.3.2.tgz. Extracting by manifest.
1541 silly tarball no local data for @jest/schemas@https://registry.npmjs.org/@jest/schemas/-/schemas-29.6.3.tgz. Extracting by manifest.
1542 silly tarball no local data for chalk@https://registry.npmjs.org/chalk/-/chalk-4.1.2.tgz. Extracting by manifest.
1543 silly tarball no local data for @jest/types@https://registry.npmjs.org/@jest/types/-/types-29.6.3.tgz. Extracting by manifest.
1544 silly tarball no local data for supports-color@https://registry.npmjs.org/supports-color/-/supports-color-8.1.1.tgz. Extracting by manifest.
1545 silly tarball no local data for merge-stream@https://registry.npmjs.org/merge-stream/-/merge-stream-2.0.0.tgz. Extracting by manifest.
1546 silly tarball no local data for jest-util@https://registry.npmjs.org/jest-util/-/jest-util-29.7.0.tgz. Extracting by manifest.
1547 silly tarball no local data for queue@https://registry.npmjs.org/queue/-/queue-6.0.2.tgz. Extracting by manifest.
1548 silly tarball no local data for stackframe@https://registry.npmjs.org/stackframe/-/stackframe-1.3.4.tgz. Extracting by manifest.
1549 silly tarball no local data for throat@https://registry.npmjs.org/throat/-/throat-5.0.0.tgz. Extracting by manifest.
1550 silly tarball no local data for negotiator@https://registry.npmjs.org/negotiator/-/negotiator-1.0.0.tgz. Extracting by manifest.
1551 silly tarball no local data for serialize-error@https://registry.npmjs.org/serialize-error/-/serialize-error-2.1.0.tgz. Extracting by manifest.
1552 silly tarball no local data for source-map@https://registry.npmjs.org/source-map/-/source-map-0.5.7.tgz. Extracting by manifest.
1553 silly tarball no local data for mime-types@https://registry.npmjs.org/mime-types/-/mime-types-3.0.2.tgz. Extracting by manifest.
1554 silly tarball no local data for metro-transform-worker@https://registry.npmjs.org/metro-transform-worker/-/metro-transform-worker-0.84.4.tgz. Extracting by manifest.
1555 silly tarball no local data for metro-transform-plugins@https://registry.npmjs.org/metro-transform-plugins/-/metro-transform-plugins-0.84.4.tgz. Extracting by manifest.
1556 silly tarball no local data for metro-symbolicate@https://registry.npmjs.org/metro-symbolicate/-/metro-symbolicate-0.84.4.tgz. Extracting by manifest.
1557 silly tarball no local data for metro-resolver@https://registry.npmjs.org/metro-resolver/-/metro-resolver-0.84.4.tgz. Extracting by manifest.
1558 silly tarball no local data for metro-file-map@https://registry.npmjs.org/metro-file-map/-/metro-file-map-0.84.4.tgz. Extracting by manifest.
1559 silly tarball no local data for metro-cache-key@https://registry.npmjs.org/metro-cache-key/-/metro-cache-key-0.84.4.tgz. Extracting by manifest.
1560 silly tarball no local data for metro-babel-transformer@https://registry.npmjs.org/metro-babel-transformer/-/metro-babel-transformer-0.84.4.tgz. Extracting by manifest.
1561 silly tarball no local data for metro-cache@https://registry.npmjs.org/metro-cache/-/metro-cache-0.84.4.tgz. Extracting by manifest.
1562 silly tarball no local data for lodash.throttle@https://registry.npmjs.org/lodash.throttle/-/lodash.throttle-4.1.1.tgz. Extracting by manifest.
1563 silly tarball no local data for jest-worker@https://registry.npmjs.org/jest-worker/-/jest-worker-29.7.0.tgz. Extracting by manifest.
1564 silly tarball no local data for jsc-safe-url@https://registry.npmjs.org/jsc-safe-url/-/jsc-safe-url-0.2.4.tgz. Extracting by manifest.
1565 silly tarball no local data for image-size@https://registry.npmjs.org/image-size/-/image-size-1.2.1.tgz. Extracting by manifest.
1566 silly tarball no local data for graceful-fs@https://registry.npmjs.org/graceful-fs/-/graceful-fs-4.2.11.tgz. Extracting by manifest.
1567 silly tarball no local data for error-stack-parser@https://registry.npmjs.org/error-stack-parser/-/error-stack-parser-2.1.4.tgz. Extracting by manifest.
1568 silly tarball no local data for ci-info@https://registry.npmjs.org/ci-info/-/ci-info-2.0.0.tgz. Extracting by manifest.
1569 silly tarball no local data for yallist@https://registry.npmjs.org/yallist/-/yallist-3.1.1.tgz. Extracting by manifest.
1570 silly tarball no local data for accepts@https://registry.npmjs.org/accepts/-/accepts-2.0.0.tgz. Extracting by manifest.
1571 silly tarball no local data for marky@https://registry.npmjs.org/marky/-/marky-1.3.0.tgz. Extracting by manifest.
1572 silly tarball no local data for is-docker@https://registry.npmjs.org/is-docker/-/is-docker-2.2.1.tgz. Extracting by manifest.
1573 silly tarball no local data for loose-envify@https://registry.npmjs.org/loose-envify/-/loose-envify-1.4.0.tgz. Extracting by manifest.
1574 silly tarball no local data for hermes-estree@https://registry.npmjs.org/hermes-estree/-/hermes-estree-0.33.3.tgz. Extracting by manifest.
1575 silly tarball no local data for unpipe@https://registry.npmjs.org/unpipe/-/unpipe-1.0.0.tgz. Extracting by manifest.
1576 silly tarball no local data for statuses@https://registry.npmjs.org/statuses/-/statuses-1.5.0.tgz. Extracting by manifest.
1577 silly tarball no local data for on-finished@https://registry.npmjs.org/on-finished/-/on-finished-2.3.0.tgz. Extracting by manifest.
1578 silly tarball no local data for escape-html@https://registry.npmjs.org/escape-html/-/escape-html-1.0.3.tgz. Extracting by manifest.
1579 silly tarball no local data for ms@https://registry.npmjs.org/ms/-/ms-2.1.3.tgz. Extracting by manifest.
1580 silly tarball no local data for encodeurl@https://registry.npmjs.org/encodeurl/-/encodeurl-1.0.2.tgz. Extracting by manifest.
1581 silly tarball no local data for shebang-command@https://registry.npmjs.org/shebang-command/-/shebang-command-2.0.0.tgz. Extracting by manifest.
1582 silly tarball no local data for path-key@https://registry.npmjs.org/path-key/-/path-key-3.1.1.tgz. Extracting by manifest.
1583 silly tarball no local data for which@https://registry.npmjs.org/which/-/which-2.0.2.tgz. Extracting by manifest.
1584 silly tarball no local data for utils-merge@https://registry.npmjs.org/utils-merge/-/utils-merge-1.0.1.tgz. Extracting by manifest.
1585 silly tarball no local data for parseurl@https://registry.npmjs.org/parseurl/-/parseurl-1.3.3.tgz. Extracting by manifest.
1586 silly tarball no local data for finalhandler@https://registry.npmjs.org/finalhandler/-/finalhandler-1.1.2.tgz. Extracting by manifest.
1587 silly tarball no local data for mkdirp@https://registry.npmjs.org/mkdirp/-/mkdirp-1.0.4.tgz. Extracting by manifest.
1588 silly tarball no local data for undici-types@https://registry.npmjs.org/undici-types/-/undici-types-7.19.2.tgz. Extracting by manifest.
1589 silly tarball no local data for lighthouse-logger@https://registry.npmjs.org/lighthouse-logger/-/lighthouse-logger-1.4.2.tgz. Extracting by manifest.
1590 silly tarball no local data for is-wsl@https://registry.npmjs.org/is-wsl/-/is-wsl-2.2.0.tgz. Extracting by manifest.
1591 silly tarball no local data for escape-string-regexp@https://registry.npmjs.org/escape-string-regexp/-/escape-string-regexp-4.0.0.tgz. Extracting by manifest.
1592 silly tarball no local data for @types/node@https://registry.npmjs.org/@types/node/-/node-25.6.0.tgz. Extracting by manifest.
1593 silly tarball no local data for update-browserslist-db@https://registry.npmjs.org/update-browserslist-db/-/update-browserslist-db-1.2.3.tgz. Extracting by manifest.
1594 silly tarball no local data for node-releases@https://registry.npmjs.org/node-releases/-/node-releases-2.0.38.tgz. Extracting by manifest.
1595 silly tarball no local data for electron-to-chromium@https://registry.npmjs.org/electron-to-chromium/-/electron-to-chromium-1.5.349.tgz. Extracting by manifest.
1596 silly tarball no local data for caniuse-lite@https://registry.npmjs.org/caniuse-lite/-/caniuse-lite-1.0.30001791.tgz. Extracting by manifest.
1597 silly tarball no local data for baseline-browser-mapping@https://registry.npmjs.org/baseline-browser-mapping/-/baseline-browser-mapping-2.10.25.tgz. Extracting by manifest.
1598 silly tarball no local data for event-target-shim@https://registry.npmjs.org/event-target-shim/-/event-target-shim-5.0.1.tgz. Extracting by manifest.
1599 silly tarball no local data for fb-dotslash@https://registry.npmjs.org/fb-dotslash/-/fb-dotslash-0.5.8.tgz. Extracting by manifest.
1600 silly tarball no local data for cross-spawn@https://registry.npmjs.org/cross-spawn/-/cross-spawn-7.0.6.tgz. Extracting by manifest.
1601 silly tarball no local data for serve-static@https://registry.npmjs.org/serve-static/-/serve-static-1.16.3.tgz. Extracting by manifest.
1602 silly tarball no local data for open@https://registry.npmjs.org/open/-/open-7.4.2.tgz. Extracting by manifest.
1603 silly tarball no local data for connect@https://registry.npmjs.org/connect/-/connect-3.7.0.tgz. Extracting by manifest.
1604 silly tarball no local data for chromium-edge-launcher@https://registry.npmjs.org/chromium-edge-launcher/-/chromium-edge-launcher-0.3.0.tgz. Extracting by manifest.
1605 silly tarball no local data for chrome-launcher@https://registry.npmjs.org/chrome-launcher/-/chrome-launcher-0.15.2.tgz. Extracting by manifest.
1606 silly tarball no local data for @react-native/debugger-shell@https://registry.npmjs.org/@react-native/debugger-shell/-/debugger-shell-0.85.2.tgz. Extracting by manifest.
1607 silly tarball no local data for @react-native/debugger-frontend@https://registry.npmjs.org/@react-native/debugger-frontend/-/debugger-frontend-0.85.2.tgz. Extracting by manifest.
1608 silly tarball no local data for metro-core@https://registry.npmjs.org/metro-core/-/metro-core-0.84.4.tgz. Extracting by manifest.
1609 silly tarball no local data for @isaacs/ttlcache@https://registry.npmjs.org/@isaacs/ttlcache/-/ttlcache-1.4.1.tgz. Extracting by manifest.
1610 silly tarball no local data for metro@https://registry.npmjs.org/metro/-/metro-0.84.4.tgz. Extracting by manifest.
1611 silly tarball no local data for metro-config@https://registry.npmjs.org/metro-config/-/metro-config-0.84.4.tgz. Extracting by manifest.
1612 silly tarball no local data for @react-native/dev-middleware@https://registry.npmjs.org/@react-native/dev-middleware/-/dev-middleware-0.85.2.tgz. Extracting by manifest.
1613 silly tarball no local data for @babel/helper-module-imports@https://registry.npmjs.org/@babel/helper-module-imports/-/helper-module-imports-7.28.6.tgz. Extracting by manifest.
1614 silly tarball no local data for @babel/helper-string-parser@https://registry.npmjs.org/@babel/helper-string-parser/-/helper-string-parser-7.27.1.tgz. Extracting by manifest.
1615 silly tarball no local data for lru-cache@https://registry.npmjs.org/lru-cache/-/lru-cache-5.1.1.tgz. Extracting by manifest.
1616 silly tarball no local data for browserslist@https://registry.npmjs.org/browserslist/-/browserslist-4.28.2.tgz. Extracting by manifest.
1617 silly tarball no local data for @jridgewell/resolve-uri@https://registry.npmjs.org/@jridgewell/resolve-uri/-/resolve-uri-3.1.2.tgz. Extracting by manifest.
1618 silly tarball no local data for @babel/helper-validator-option@https://registry.npmjs.org/@babel/helper-validator-option/-/helper-validator-option-7.27.1.tgz. Extracting by manifest.
1619 silly tarball no local data for jsesc@https://registry.npmjs.org/jsesc/-/jsesc-3.1.0.tgz. Extracting by manifest.
1620 silly tarball no local data for @babel/compat-data@https://registry.npmjs.org/@babel/compat-data/-/compat-data-7.29.3.tgz. Extracting by manifest.
1621 silly tarball no local data for @jridgewell/trace-mapping@https://registry.npmjs.org/@jridgewell/trace-mapping/-/trace-mapping-0.3.31.tgz. Extracting by manifest.
1622 silly tarball no local data for @jridgewell/gen-mapping@https://registry.npmjs.org/@jridgewell/gen-mapping/-/gen-mapping-0.3.13.tgz. Extracting by manifest.
1623 silly tarball no local data for @babel/helper-globals@https://registry.npmjs.org/@babel/helper-globals/-/helper-globals-7.28.0.tgz. Extracting by manifest.
1624 silly tarball no local data for picocolors@https://registry.npmjs.org/picocolors/-/picocolors-1.1.1.tgz. Extracting by manifest.
1625 silly tarball no local data for js-tokens@https://registry.npmjs.org/js-tokens/-/js-tokens-4.0.0.tgz. Extracting by manifest.
1626 silly tarball no local data for @babel/helper-validator-identifier@https://registry.npmjs.org/@babel/helper-validator-identifier/-/helper-validator-identifier-7.28.5.tgz. Extracting by manifest.
1627 silly tarball no local data for json5@https://registry.npmjs.org/json5/-/json5-2.2.3.tgz. Extracting by manifest.
1628 silly tarball no local data for gensync@https://registry.npmjs.org/gensync/-/gensync-1.0.0-beta.2.tgz. Extracting by manifest.
1629 silly tarball no local data for debug@https://registry.npmjs.org/debug/-/debug-4.4.3.tgz. Extracting by manifest.
1630 silly tarball no local data for convert-source-map@https://registry.npmjs.org/convert-source-map/-/convert-source-map-2.0.0.tgz. Extracting by manifest.
1631 silly tarball no local data for @babel/types@https://registry.npmjs.org/@babel/types/-/types-7.29.0.tgz. Extracting by manifest.
1632 silly tarball no local data for @jridgewell/remapping@https://registry.npmjs.org/@jridgewell/remapping/-/remapping-2.3.5.tgz. Extracting by manifest.
1633 silly tarball no local data for @jridgewell/sourcemap-codec@https://registry.npmjs.org/@jridgewell/sourcemap-codec/-/sourcemap-codec-1.5.5.tgz. Extracting by manifest.
1634 silly tarball no local data for @babel/traverse@https://registry.npmjs.org/@babel/traverse/-/traverse-7.29.0.tgz. Extracting by manifest.
1635 silly tarball no local data for @babel/template@https://registry.npmjs.org/@babel/template/-/template-7.28.6.tgz. Extracting by manifest.
1636 silly tarball no local data for @babel/helpers@https://registry.npmjs.org/@babel/helpers/-/helpers-7.29.2.tgz. Extracting by manifest.
1637 silly tarball no local data for @babel/helper-module-transforms@https://registry.npmjs.org/@babel/helper-module-transforms/-/helper-module-transforms-7.28.6.tgz. Extracting by manifest.
1638 silly tarball no local data for @babel/generator@https://registry.npmjs.org/@babel/generator/-/generator-7.29.1.tgz. Extracting by manifest.
1639 silly tarball no local data for @babel/helper-compilation-targets@https://registry.npmjs.org/@babel/helper-compilation-targets/-/helper-compilation-targets-7.28.6.tgz. Extracting by manifest.
1640 silly tarball no local data for @babel/code-frame@https://registry.npmjs.org/@babel/code-frame/-/code-frame-7.29.0.tgz. Extracting by manifest.
1641 silly tarball no local data for hermes-parser@https://registry.npmjs.org/hermes-parser/-/hermes-parser-0.33.3.tgz. Extracting by manifest.
1642 silly tarball no local data for @babel/parser@https://registry.npmjs.org/@babel/parser/-/parser-7.29.3.tgz. Extracting by manifest.
1643 silly tarball no local data for yargs@https://registry.npmjs.org/yargs/-/yargs-17.7.2.tgz. Extracting by manifest.
1644 silly tarball no local data for @babel/core@https://registry.npmjs.org/@babel/core/-/core-7.29.0.tgz. Extracting by manifest.
1645 silly tarball no local data for ws@https://registry.npmjs.org/ws/-/ws-7.5.10.tgz. Extracting by manifest.
1646 silly tarball no local data for whatwg-fetch@https://registry.npmjs.org/whatwg-fetch/-/whatwg-fetch-3.6.20.tgz. Extracting by manifest.
1647 silly tarball no local data for tinyglobby@https://registry.npmjs.org/tinyglobby/-/tinyglobby-0.2.16.tgz. Extracting by manifest.
1648 silly tarball no local data for stacktrace-parser@https://registry.npmjs.org/stacktrace-parser/-/stacktrace-parser-0.1.11.tgz. Extracting by manifest.
1649 silly tarball no local data for semver@https://registry.npmjs.org/semver/-/semver-7.7.4.tgz. Extracting by manifest.
1650 silly tarball no local data for scheduler@https://registry.npmjs.org/scheduler/-/scheduler-0.27.0.tgz. Extracting by manifest.
1651 silly tarball no local data for react-refresh@https://registry.npmjs.org/react-refresh/-/react-refresh-0.14.2.tgz. Extracting by manifest.
1652 silly tarball no local data for regenerator-runtime@https://registry.npmjs.org/regenerator-runtime/-/regenerator-runtime-0.13.11.tgz. Extracting by manifest.
1653 silly tarball no local data for react-devtools-core@https://registry.npmjs.org/react-devtools-core/-/react-devtools-core-6.1.5.tgz. Extracting by manifest.
1654 silly tarball no local data for promise@https://registry.npmjs.org/promise/-/promise-8.3.0.tgz. Extracting by manifest.
1655 silly tarball no local data for nullthrows@https://registry.npmjs.org/nullthrows/-/nullthrows-1.1.1.tgz. Extracting by manifest.
1656 silly tarball no local data for pretty-format@https://registry.npmjs.org/pretty-format/-/pretty-format-29.7.0.tgz. Extracting by manifest.
1657 silly tarball no local data for metro-source-map@https://registry.npmjs.org/metro-source-map/-/metro-source-map-0.84.4.tgz. Extracting by manifest.
1658 silly tarball no local data for metro-runtime@https://registry.npmjs.org/metro-runtime/-/metro-runtime-0.84.4.tgz. Extracting by manifest.
1659 silly tarball no local data for invariant@https://registry.npmjs.org/invariant/-/invariant-2.2.4.tgz. Extracting by manifest.
1660 silly tarball no local data for memoize-one@https://registry.npmjs.org/memoize-one/-/memoize-one-5.2.1.tgz. Extracting by manifest.
1661 silly tarball no local data for hermes-compiler@https://registry.npmjs.org/hermes-compiler/-/hermes-compiler-250829098.0.10.tgz. Extracting by manifest.
1662 silly tarball no local data for flow-enums-runtime@https://registry.npmjs.org/flow-enums-runtime/-/flow-enums-runtime-0.0.6.tgz. Extracting by manifest.
1663 silly tarball no local data for commander@https://registry.npmjs.org/commander/-/commander-12.1.0.tgz. Extracting by manifest.
1664 silly tarball no local data for babel-plugin-syntax-hermes-parser@https://registry.npmjs.org/babel-plugin-syntax-hermes-parser/-/babel-plugin-syntax-hermes-parser-0.33.3.tgz. Extracting by manifest.
1665 silly tarball no local data for base64-js@https://registry.npmjs.org/base64-js/-/base64-js-1.5.1.tgz. Extracting by manifest.
1666 silly tarball no local data for ansi-regex@https://registry.npmjs.org/ansi-regex/-/ansi-regex-5.0.1.tgz. Extracting by manifest.
1667 silly tarball no local data for anser@https://registry.npmjs.org/anser/-/anser-1.4.10.tgz. Extracting by manifest.
1668 silly tarball no local data for abort-controller@https://registry.npmjs.org/abort-controller/-/abort-controller-3.0.0.tgz. Extracting by manifest.
1669 silly tarball no local data for @react-native/virtualized-lists@https://registry.npmjs.org/@react-native/virtualized-lists/-/virtualized-lists-0.85.2.tgz. Extracting by manifest.
1670 silly tarball no local data for @react-native/normalize-colors@https://registry.npmjs.org/@react-native/normalize-colors/-/normalize-colors-0.85.2.tgz. Extracting by manifest.
1671 silly tarball no local data for @react-native/js-polyfills@https://registry.npmjs.org/@react-native/js-polyfills/-/js-polyfills-0.85.2.tgz. Extracting by manifest.
1672 silly tarball no local data for @react-native/gradle-plugin@https://registry.npmjs.org/@react-native/gradle-plugin/-/gradle-plugin-0.85.2.tgz. Extracting by manifest.
1673 silly tarball no local data for @react-native/community-cli-plugin@https://registry.npmjs.org/@react-native/community-cli-plugin/-/community-cli-plugin-0.85.2.tgz. Extracting by manifest.
1674 silly tarball no local data for @react-native/codegen@https://registry.npmjs.org/@react-native/codegen/-/codegen-0.85.2.tgz. Extracting by manifest.
1675 silly tarball no local data for @react-native/assets-registry@https://registry.npmjs.org/@react-native/assets-registry/-/assets-registry-0.85.2.tgz. Extracting by manifest.
1676 silly tarball no local data for react@https://registry.npmjs.org/react/-/react-19.2.5.tgz. Extracting by manifest.
1677 silly tarball no local data for react-native@https://registry.npmjs.org/react-native/-/react-native-0.85.2.tgz. Extracting by manifest.
1678 silly tarball no local data for source-map@https://registry.npmjs.org/source-map/-/source-map-0.6.1.tgz. Extracting by manifest.
1679 silly tarball no local data for statuses@https://registry.npmjs.org/statuses/-/statuses-2.0.2.tgz. Extracting by manifest.
1680 silly tarball no local data for statuses@https://registry.npmjs.org/statuses/-/statuses-2.0.2.tgz. Extracting by manifest.
1681 silly tarball no local data for on-finished@https://registry.npmjs.org/on-finished/-/on-finished-2.4.1.tgz. Extracting by manifest.
1682 silly tarball no local data for debug@https://registry.npmjs.org/debug/-/debug-2.6.9.tgz. Extracting by manifest.
1683 silly tarball no local data for encodeurl@https://registry.npmjs.org/encodeurl/-/encodeurl-2.0.0.tgz. Extracting by manifest.
1684 silly tarball no local data for ms@https://registry.npmjs.org/ms/-/ms-2.0.0.tgz. Extracting by manifest.
1685 silly tarball no local data for supports-color@https://registry.npmjs.org/supports-color/-/supports-color-7.2.0.tgz. Extracting by manifest.
1686 silly tarball no local data for hermes-estree@https://registry.npmjs.org/hermes-estree/-/hermes-estree-0.35.0.tgz. Extracting by manifest.
1687 silly tarball no local data for ci-info@https://registry.npmjs.org/ci-info/-/ci-info-3.9.0.tgz. Extracting by manifest.
1688 silly tarball no local data for commander@https://registry.npmjs.org/commander/-/commander-2.20.3.tgz. Extracting by manifest.
1689 silly tarball no local data for ms@https://registry.npmjs.org/ms/-/ms-2.0.0.tgz. Extracting by manifest.
1690 silly tarball no local data for hermes-parser@https://registry.npmjs.org/hermes-parser/-/hermes-parser-0.35.0.tgz. Extracting by manifest.
1691 silly tarball no local data for debug@https://registry.npmjs.org/debug/-/debug-2.6.9.tgz. Extracting by manifest.
1692 silly tarball no local data for ms@https://registry.npmjs.org/ms/-/ms-2.0.0.tgz. Extracting by manifest.
1693 silly tarball no local data for debug@https://registry.npmjs.org/debug/-/debug-2.6.9.tgz. Extracting by manifest.
1694 silly tarball no local data for encodeurl@https://registry.npmjs.org/encodeurl/-/encodeurl-2.0.0.tgz. Extracting by manifest.
1695 silly tarball no local data for debug@https://registry.npmjs.org/debug/-/debug-2.6.9.tgz. Extracting by manifest.
1696 silly tarball no local data for hermes-parser@https://registry.npmjs.org/hermes-parser/-/hermes-parser-0.35.0.tgz. Extracting by manifest.
1697 silly tarball no local data for hermes-estree@https://registry.npmjs.org/hermes-estree/-/hermes-estree-0.35.0.tgz. Extracting by manifest.
1698 silly tarball no local data for ms@https://registry.npmjs.org/ms/-/ms-2.0.0.tgz. Extracting by manifest.
1699 silly tarball no local data for semver@https://registry.npmjs.org/semver/-/semver-6.3.1.tgz. Extracting by manifest.
1700 silly tarball no local data for semver@https://registry.npmjs.org/semver/-/semver-6.3.1.tgz. Extracting by manifest.
1701 silly tarball no local data for picomatch@https://registry.npmjs.org/picomatch/-/picomatch-4.0.4.tgz. Extracting by manifest.
1702 silly tarball no local data for fdir@https://registry.npmjs.org/fdir/-/fdir-6.5.0.tgz. Extracting by manifest.
1703 silly tarball no local data for ansi-styles@https://registry.npmjs.org/ansi-styles/-/ansi-styles-5.2.0.tgz. Extracting by manifest.
1704 http fetch POST 200 https://registry.npmjs.org/-/npm/v1/security/advisories/bulk 129ms
1705 silly audit report {}
1706 http fetch GET 200 https://registry.npmjs.org/is-fullwidth-code-point/-/is-fullwidth-code-point-3.0.0.tgz 93ms (cache miss)
1707 http fetch GET 200 https://registry.npmjs.org/wrap-ansi/-/wrap-ansi-7.0.0.tgz 99ms (cache miss)
1708 http fetch GET 200 https://registry.npmjs.org/y18n/-/y18n-5.0.8.tgz 100ms (cache miss)
1709 http fetch GET 200 https://registry.npmjs.org/emoji-regex/-/emoji-regex-8.0.0.tgz 101ms (cache miss)
1710 http fetch GET 200 https://registry.npmjs.org/strip-ansi/-/strip-ansi-6.0.1.tgz 101ms (cache miss)
1711 http fetch GET 200 https://registry.npmjs.org/yargs-parser/-/yargs-parser-21.1.1.tgz 103ms (cache miss)
1712 http fetch GET 200 https://registry.npmjs.org/is-number/-/is-number-7.0.0.tgz 132ms (cache miss)
1713 http fetch GET 200 https://registry.npmjs.org/source-map-support/-/source-map-support-0.5.21.tgz 139ms (cache miss)
1714 http fetch GET 200 https://registry.npmjs.org/has-flag/-/has-flag-4.0.0.tgz 146ms (cache miss)
1715 http fetch GET 200 https://registry.npmjs.org/type-fest/-/type-fest-0.7.1.tgz 150ms (cache miss)
1716 http fetch GET 200 https://registry.npmjs.org/buffer-from/-/buffer-from-1.1.2.tgz 155ms (cache miss)
1717 http fetch GET 200 https://registry.npmjs.org/@jridgewell/source-map/-/source-map-0.3.11.tgz 169ms (cache miss)
1718 http fetch GET 200 https://registry.npmjs.org/shebang-regex/-/shebang-regex-3.0.0.tgz 172ms (cache miss)
1719 http fetch GET 200 https://registry.npmjs.org/acorn/-/acorn-8.16.0.tgz 173ms (cache miss)
1720 http fetch GET 200 https://registry.npmjs.org/toidentifier/-/toidentifier-1.0.1.tgz 182ms (cache miss)
1721 http fetch GET 200 https://registry.npmjs.org/setprototypeof/-/setprototypeof-1.2.0.tgz 188ms (cache miss)
1722 http fetch GET 200 https://registry.npmjs.org/mime/-/mime-1.6.0.tgz 201ms (cache miss)
1723 http fetch GET 200 https://registry.npmjs.org/require-directory/-/require-directory-2.1.1.tgz 206ms (cache miss)
1724 http fetch GET 200 https://registry.npmjs.org/range-parser/-/range-parser-1.2.1.tgz 202ms (cache miss)
1725 http fetch GET 200 https://registry.npmjs.org/tmpl/-/tmpl-1.0.5.tgz 205ms (cache miss)
1726 http fetch GET 200 https://registry.npmjs.org/makeerror/-/makeerror-1.0.12.tgz 204ms (cache miss)
1727 http fetch GET 200 https://registry.npmjs.org/escalade/-/escalade-3.2.0.tgz 205ms (cache miss)
1728 http fetch GET 200 https://registry.npmjs.org/fresh/-/fresh-0.5.2.tgz 206ms (cache miss)
1729 http fetch GET 200 https://registry.npmjs.org/etag/-/etag-1.8.1.tgz 209ms (cache miss)
1730 http fetch GET 200 https://registry.npmjs.org/http-errors/-/http-errors-2.0.1.tgz 215ms (cache miss)
1731 http fetch GET 200 https://registry.npmjs.org/string-width/-/string-width-4.2.3.tgz 223ms (cache miss)
1732 http fetch GET 200 https://registry.npmjs.org/get-caller-file/-/get-caller-file-2.0.5.tgz 229ms (cache miss)
1733 http fetch GET 200 https://registry.npmjs.org/isexe/-/isexe-2.0.0.tgz 229ms (cache miss)
1734 http fetch GET 200 https://registry.npmjs.org/cliui/-/cliui-8.0.1.tgz 231ms (cache miss)
1735 http fetch GET 200 https://registry.npmjs.org/destroy/-/destroy-1.2.0.tgz 239ms (cache miss)
1736 http fetch GET 200 https://registry.npmjs.org/depd/-/depd-2.0.0.tgz 241ms (cache miss)
1737 http fetch GET 200 https://registry.npmjs.org/asap/-/asap-2.0.6.tgz 249ms (cache miss)
1738 http fetch GET 200 https://registry.npmjs.org/ee-first/-/ee-first-1.1.1.tgz 249ms (cache miss)
1739 http fetch GET 200 https://registry.npmjs.org/send/-/send-0.19.2.tgz 284ms (cache miss)
1740 http fetch GET 200 https://registry.npmjs.org/to-regex-range/-/to-regex-range-5.0.1.tgz 285ms (cache miss)
1741 http fetch GET 200 https://registry.npmjs.org/shell-quote/-/shell-quote-1.8.3.tgz 286ms (cache miss)
1742 http fetch GET 200 https://registry.npmjs.org/braces/-/braces-3.0.3.tgz 284ms (cache miss)
1743 http fetch GET 200 https://registry.npmjs.org/fill-range/-/fill-range-7.1.1.tgz 285ms (cache miss)
1744 http fetch GET 200 https://registry.npmjs.org/react-is/-/react-is-18.3.1.tgz 289ms (cache miss)
1745 http fetch GET 200 https://registry.npmjs.org/node-int64/-/node-int64-0.4.0.tgz 288ms (cache miss)
1746 http fetch GET 200 https://registry.npmjs.org/vlq/-/vlq-1.0.1.tgz 290ms (cache miss)
1747 http fetch GET 200 https://registry.npmjs.org/metro-minify-terser/-/metro-minify-terser-0.84.4.tgz 290ms (cache miss)
1748 http fetch GET 200 https://registry.npmjs.org/ob1/-/ob1-0.84.4.tgz 291ms (cache miss)
1749 http fetch GET 200 https://registry.npmjs.org/mime-db/-/mime-db-1.54.0.tgz 293ms (cache miss)
1750 http fetch GET 200 https://registry.npmjs.org/bser/-/bser-2.1.1.tgz 296ms (cache miss)
1751 http fetch GET 200 https://registry.npmjs.org/micromatch/-/micromatch-4.0.8.tgz 301ms (cache miss)
1752 http fetch GET 200 https://registry.npmjs.org/leven/-/leven-3.1.0.tgz 301ms (cache miss)
1753 http fetch GET 200 https://registry.npmjs.org/fb-watchman/-/fb-watchman-2.0.2.tgz 301ms (cache miss)
1754 http fetch GET 200 https://registry.npmjs.org/walker/-/walker-1.0.8.tgz 304ms (cache miss)
1755 http fetch GET 200 https://registry.npmjs.org/jest-get-type/-/jest-get-type-29.6.3.tgz 310ms (cache miss)
1756 http fetch GET 200 https://registry.npmjs.org/camelcase/-/camelcase-6.3.0.tgz 319ms (cache miss)
1757 http fetch GET 200 https://registry.npmjs.org/color-name/-/color-name-1.1.4.tgz 319ms (cache miss)
1758 http fetch GET 200 https://registry.npmjs.org/jest-validate/-/jest-validate-29.7.0.tgz 321ms (cache miss)
1759 http fetch GET 200 https://registry.npmjs.org/agent-base/-/agent-base-7.1.4.tgz 324ms (cache miss)
1760 http fetch GET 200 https://registry.npmjs.org/color-convert/-/color-convert-2.0.1.tgz 331ms (cache miss)
1761 http fetch GET 200 https://registry.npmjs.org/ansi-styles/-/ansi-styles-4.3.0.tgz 332ms (cache miss)
1762 http fetch GET 200 https://registry.npmjs.org/https-proxy-agent/-/https-proxy-agent-7.0.6.tgz 347ms (cache miss)
1763 http fetch GET 200 https://registry.npmjs.org/@types/istanbul-lib-report/-/istanbul-lib-report-3.0.3.tgz 346ms (cache miss)
1764 http fetch GET 200 https://registry.npmjs.org/@types/yargs-parser/-/yargs-parser-21.0.3.tgz 353ms (cache miss)
1765 http fetch GET 200 https://registry.npmjs.org/@types/yargs/-/yargs-17.0.35.tgz 355ms (cache miss)
1766 http fetch GET 200 https://registry.npmjs.org/terser/-/terser-5.46.2.tgz 361ms (cache miss)
1767 http fetch GET 200 https://registry.npmjs.org/chalk/-/chalk-4.1.2.tgz 358ms (cache miss)
1768 http fetch GET 200 https://registry.npmjs.org/exponential-backoff/-/exponential-backoff-3.1.3.tgz 364ms (cache miss)
1769 http fetch GET 200 https://registry.npmjs.org/picomatch/-/picomatch-2.3.2.tgz 367ms (cache miss)
1770 http fetch GET 200 https://registry.npmjs.org/@types/istanbul-lib-coverage/-/istanbul-lib-coverage-2.0.6.tgz 382ms (cache miss)
1771 http fetch GET 200 https://registry.npmjs.org/supports-color/-/supports-color-8.1.1.tgz 381ms (cache miss)
1772 http fetch GET 200 https://registry.npmjs.org/merge-stream/-/merge-stream-2.0.0.tgz 382ms (cache miss)
1773 http fetch GET 200 https://registry.npmjs.org/@types/istanbul-reports/-/istanbul-reports-3.0.4.tgz 383ms (cache miss)
1774 http fetch GET 200 https://registry.npmjs.org/stackframe/-/stackframe-1.3.4.tgz 384ms (cache miss)
1775 http fetch GET 200 https://registry.npmjs.org/@jest/schemas/-/schemas-29.6.3.tgz 392ms (cache miss)
1776 http fetch GET 200 https://registry.npmjs.org/queue/-/queue-6.0.2.tgz 394ms (cache miss)
1777 http fetch GET 200 https://registry.npmjs.org/negotiator/-/negotiator-1.0.0.tgz 395ms (cache miss)
1778 http fetch GET 200 https://registry.npmjs.org/throat/-/throat-5.0.0.tgz 396ms (cache miss)
1779 http fetch GET 200 https://registry.npmjs.org/@jest/types/-/types-29.6.3.tgz 398ms (cache miss)
1780 http fetch GET 200 https://registry.npmjs.org/serialize-error/-/serialize-error-2.1.0.tgz 397ms (cache miss)
1781 http fetch GET 200 https://registry.npmjs.org/jest-util/-/jest-util-29.7.0.tgz 400ms (cache miss)
1782 http fetch GET 200 https://registry.npmjs.org/mime-types/-/mime-types-3.0.2.tgz 405ms (cache miss)
1783 http fetch GET 200 https://registry.npmjs.org/source-map/-/source-map-0.5.7.tgz 410ms (cache miss)
1784 http fetch GET 200 https://registry.npmjs.org/metro-transform-worker/-/metro-transform-worker-0.84.4.tgz 416ms (cache miss)
1785 http fetch GET 200 https://registry.npmjs.org/@babel/runtime/-/runtime-7.29.2.tgz 424ms (cache miss)
1786 http fetch GET 200 https://registry.npmjs.org/metro-cache-key/-/metro-cache-key-0.84.4.tgz 441ms (cache miss)
1787 http fetch GET 200 https://registry.npmjs.org/jsc-safe-url/-/jsc-safe-url-0.2.4.tgz 441ms (cache miss)
1788 http fetch GET 200 https://registry.npmjs.org/lodash.throttle/-/lodash.throttle-4.1.1.tgz 442ms (cache miss)
1789 http fetch GET 200 https://registry.npmjs.org/metro-babel-transformer/-/metro-babel-transformer-0.84.4.tgz 445ms (cache miss)
1790 http fetch GET 200 https://registry.npmjs.org/graceful-fs/-/graceful-fs-4.2.11.tgz 449ms (cache miss)
1791 http fetch GET 200 https://registry.npmjs.org/ci-info/-/ci-info-2.0.0.tgz 456ms (cache miss)
1792 http fetch GET 200 https://registry.npmjs.org/metro-symbolicate/-/metro-symbolicate-0.84.4.tgz 459ms (cache miss)
1793 http fetch GET 200 https://registry.npmjs.org/jest-worker/-/jest-worker-29.7.0.tgz 458ms (cache miss)
1794 http fetch GET 200 https://registry.npmjs.org/metro-transform-plugins/-/metro-transform-plugins-0.84.4.tgz 461ms (cache miss)
1795 http fetch GET 200 https://registry.npmjs.org/@sinclair/typebox/-/typebox-0.27.10.tgz 466ms (cache miss)
1796 http fetch GET 200 https://registry.npmjs.org/error-stack-parser/-/error-stack-parser-2.1.4.tgz 464ms (cache miss)
1797 http fetch GET 200 https://registry.npmjs.org/metro-cache/-/metro-cache-0.84.4.tgz 467ms (cache miss)
1798 http fetch GET 200 https://registry.npmjs.org/on-finished/-/on-finished-2.3.0.tgz 473ms (cache miss)
1799 http fetch GET 200 https://registry.npmjs.org/loose-envify/-/loose-envify-1.4.0.tgz 474ms (cache miss)
1800 http fetch GET 200 https://registry.npmjs.org/statuses/-/statuses-1.5.0.tgz 489ms (cache miss)
1801 http fetch GET 200 https://registry.npmjs.org/metro-resolver/-/metro-resolver-0.84.4.tgz 493ms (cache miss)
1802 http fetch GET 200 https://registry.npmjs.org/yallist/-/yallist-3.1.1.tgz 492ms (cache miss)
1803 http fetch GET 200 https://registry.npmjs.org/escape-html/-/escape-html-1.0.3.tgz 490ms (cache miss)
1804 http fetch GET 200 https://registry.npmjs.org/unpipe/-/unpipe-1.0.0.tgz 491ms (cache miss)
1805 http fetch GET 200 https://registry.npmjs.org/accepts/-/accepts-2.0.0.tgz 493ms (cache miss)
1806 http fetch GET 200 https://registry.npmjs.org/ms/-/ms-2.1.3.tgz 491ms (cache miss)
1807 http fetch GET 200 https://registry.npmjs.org/is-docker/-/is-docker-2.2.1.tgz 494ms (cache miss)
1808 http fetch GET 200 https://registry.npmjs.org/shebang-command/-/shebang-command-2.0.0.tgz 493ms (cache miss)
1809 http fetch GET 200 https://registry.npmjs.org/image-size/-/image-size-1.2.1.tgz 495ms (cache miss)
1810 http fetch GET 200 https://registry.npmjs.org/encodeurl/-/encodeurl-1.0.2.tgz 494ms (cache miss)
1811 http fetch GET 200 https://registry.npmjs.org/marky/-/marky-1.3.0.tgz 497ms (cache miss)
1812 http fetch GET 200 https://registry.npmjs.org/path-key/-/path-key-3.1.1.tgz 497ms (cache miss)
1813 http fetch GET 200 https://registry.npmjs.org/hermes-estree/-/hermes-estree-0.33.3.tgz 500ms (cache miss)
1814 http fetch GET 200 https://registry.npmjs.org/yaml/-/yaml-2.8.4.tgz 514ms (cache miss)
1815 http fetch GET 200 https://registry.npmjs.org/parseurl/-/parseurl-1.3.3.tgz 510ms (cache miss)
1816 http fetch GET 200 https://registry.npmjs.org/utils-merge/-/utils-merge-1.0.1.tgz 512ms (cache miss)
1817 http fetch GET 200 https://registry.npmjs.org/metro-file-map/-/metro-file-map-0.84.4.tgz 517ms (cache miss)
1818 http fetch GET 200 https://registry.npmjs.org/which/-/which-2.0.2.tgz 515ms (cache miss)
1819 http fetch GET 200 https://registry.npmjs.org/update-browserslist-db/-/update-browserslist-db-1.2.3.tgz 528ms (cache miss)
1820 http fetch GET 200 https://registry.npmjs.org/is-wsl/-/is-wsl-2.2.0.tgz 529ms (cache miss)
1821 http fetch GET 200 https://registry.npmjs.org/lighthouse-logger/-/lighthouse-logger-1.4.2.tgz 530ms (cache miss)
1822 http fetch GET 200 https://registry.npmjs.org/mkdirp/-/mkdirp-1.0.4.tgz 531ms (cache miss)
1823 http fetch GET 200 https://registry.npmjs.org/finalhandler/-/finalhandler-1.1.2.tgz 545ms (cache miss)
1824 http fetch GET 200 https://registry.npmjs.org/node-releases/-/node-releases-2.0.38.tgz 545ms (cache miss)
1825 http fetch GET 200 https://registry.npmjs.org/escape-string-regexp/-/escape-string-regexp-4.0.0.tgz 545ms (cache miss)
1826 http fetch GET 200 https://registry.npmjs.org/electron-to-chromium/-/electron-to-chromium-1.5.349.tgz 549ms (cache miss)
1827 http fetch GET 200 https://registry.npmjs.org/undici-types/-/undici-types-7.19.2.tgz 553ms (cache miss)
1828 http fetch GET 200 https://registry.npmjs.org/baseline-browser-mapping/-/baseline-browser-mapping-2.10.25.tgz 556ms (cache miss)
1829 http fetch GET 200 https://registry.npmjs.org/event-target-shim/-/event-target-shim-5.0.1.tgz 567ms (cache miss)
1830 http fetch GET 200 https://registry.npmjs.org/open/-/open-7.4.2.tgz 578ms (cache miss)
1831 http fetch GET 200 https://registry.npmjs.org/cross-spawn/-/cross-spawn-7.0.6.tgz 584ms (cache miss)
1832 http fetch GET 200 https://registry.npmjs.org/connect/-/connect-3.7.0.tgz 584ms (cache miss)
1833 http fetch GET 200 https://registry.npmjs.org/serve-static/-/serve-static-1.16.3.tgz 586ms (cache miss)
1834 http fetch GET 200 https://registry.npmjs.org/metro-core/-/metro-core-0.84.4.tgz 598ms (cache miss)
1835 http fetch GET 200 https://registry.npmjs.org/chromium-edge-launcher/-/chromium-edge-launcher-0.3.0.tgz 604ms (cache miss)
1836 http fetch GET 200 https://registry.npmjs.org/@types/node/-/node-25.6.0.tgz 633ms (cache miss)
1837 http fetch GET 200 https://registry.npmjs.org/@isaacs/ttlcache/-/ttlcache-1.4.1.tgz 634ms (cache miss)
1838 http fetch GET 200 https://registry.npmjs.org/lru-cache/-/lru-cache-5.1.1.tgz 630ms (cache miss)
1839 http fetch GET 200 https://registry.npmjs.org/@babel/helper-module-imports/-/helper-module-imports-7.28.6.tgz 631ms (cache miss)
1840 http fetch GET 200 https://registry.npmjs.org/browserslist/-/browserslist-4.28.2.tgz 631ms (cache miss)
1841 http fetch GET 200 https://registry.npmjs.org/chrome-launcher/-/chrome-launcher-0.15.2.tgz 637ms (cache miss)
1842 http fetch GET 200 https://registry.npmjs.org/@babel/helper-string-parser/-/helper-string-parser-7.27.1.tgz 632ms (cache miss)
1843 http fetch GET 200 https://registry.npmjs.org/@babel/helper-validator-option/-/helper-validator-option-7.27.1.tgz 642ms (cache miss)
1844 http fetch GET 200 https://registry.npmjs.org/jsesc/-/jsesc-3.1.0.tgz 647ms (cache miss)
1845 http fetch GET 200 https://registry.npmjs.org/@jridgewell/resolve-uri/-/resolve-uri-3.1.2.tgz 654ms (cache miss)
1846 http fetch GET 200 https://registry.npmjs.org/@babel/compat-data/-/compat-data-7.29.3.tgz 665ms (cache miss)
1847 http fetch GET 200 https://registry.npmjs.org/picocolors/-/picocolors-1.1.1.tgz 681ms (cache miss)
1848 http fetch GET 200 https://registry.npmjs.org/js-tokens/-/js-tokens-4.0.0.tgz 683ms (cache miss)
1849 http fetch GET 200 https://registry.npmjs.org/@babel/helper-globals/-/helper-globals-7.28.0.tgz 683ms (cache miss)
1850 http fetch GET 200 https://registry.npmjs.org/gensync/-/gensync-1.0.0-beta.2.tgz 682ms (cache miss)
1851 http fetch GET 200 https://registry.npmjs.org/@babel/helper-validator-identifier/-/helper-validator-identifier-7.28.5.tgz 685ms (cache miss)
1852 http fetch GET 200 https://registry.npmjs.org/debug/-/debug-4.4.3.tgz 689ms (cache miss)
1853 http fetch GET 200 https://registry.npmjs.org/convert-source-map/-/convert-source-map-2.0.0.tgz 699ms (cache miss)
1854 http fetch GET 200 https://registry.npmjs.org/metro-config/-/metro-config-0.84.4.tgz 703ms (cache miss)
1855 http fetch GET 200 https://registry.npmjs.org/json5/-/json5-2.2.3.tgz 704ms (cache miss)
1856 http fetch GET 200 https://registry.npmjs.org/@jridgewell/gen-mapping/-/gen-mapping-0.3.13.tgz 714ms (cache miss)
1857 http fetch GET 200 https://registry.npmjs.org/@jridgewell/trace-mapping/-/trace-mapping-0.3.31.tgz 730ms (cache miss)
1858 http fetch GET 200 https://registry.npmjs.org/@react-native/dev-middleware/-/dev-middleware-0.85.2.tgz 733ms (cache miss)
1859 http fetch GET 200 https://registry.npmjs.org/@babel/code-frame/-/code-frame-7.29.0.tgz 742ms (cache miss)
1860 http fetch GET 200 https://registry.npmjs.org/@babel/template/-/template-7.28.6.tgz 753ms (cache miss)
1861 http fetch GET 200 https://registry.npmjs.org/@react-native/debugger-shell/-/debugger-shell-0.85.2.tgz 767ms (cache miss)
1862 http fetch GET 200 https://registry.npmjs.org/@babel/helper-module-transforms/-/helper-module-transforms-7.28.6.tgz 761ms (cache miss)
1863 http fetch GET 200 https://registry.npmjs.org/@babel/helper-compilation-targets/-/helper-compilation-targets-7.28.6.tgz 765ms (cache miss)
1864 http fetch GET 200 https://registry.npmjs.org/@jridgewell/sourcemap-codec/-/sourcemap-codec-1.5.5.tgz 773ms (cache miss)
1865 http fetch GET 200 https://registry.npmjs.org/@jridgewell/remapping/-/remapping-2.3.5.tgz 789ms (cache miss)
1866 http fetch GET 200 https://registry.npmjs.org/tinyglobby/-/tinyglobby-0.2.16.tgz 805ms (cache miss)
1867 http fetch GET 200 https://registry.npmjs.org/stacktrace-parser/-/stacktrace-parser-0.1.11.tgz 806ms (cache miss)
1868 http fetch GET 200 https://registry.npmjs.org/fb-dotslash/-/fb-dotslash-0.5.8.tgz 821ms (cache miss)
1869 http fetch GET 200 https://registry.npmjs.org/whatwg-fetch/-/whatwg-fetch-3.6.20.tgz 814ms (cache miss)
1870 http fetch GET 200 https://registry.npmjs.org/regenerator-runtime/-/regenerator-runtime-0.13.11.tgz 814ms (cache miss)
1871 http fetch GET 200 https://registry.npmjs.org/scheduler/-/scheduler-0.27.0.tgz 816ms (cache miss)
1872 http fetch GET 200 https://registry.npmjs.org/@babel/parser/-/parser-7.29.3.tgz 818ms (cache miss)
1873 http fetch GET 200 https://registry.npmjs.org/react-refresh/-/react-refresh-0.14.2.tgz 818ms (cache miss)
1874 http fetch GET 200 https://registry.npmjs.org/ws/-/ws-7.5.10.tgz 830ms (cache miss)
1875 http fetch GET 200 https://registry.npmjs.org/nullthrows/-/nullthrows-1.1.1.tgz 845ms (cache miss)
1876 http fetch GET 200 https://registry.npmjs.org/pretty-format/-/pretty-format-29.7.0.tgz 846ms (cache miss)
1877 http fetch GET 200 https://registry.npmjs.org/@babel/generator/-/generator-7.29.1.tgz 848ms (cache miss)
1878 http fetch GET 200 https://registry.npmjs.org/promise/-/promise-8.3.0.tgz 861ms (cache miss)
1879 http fetch GET 200 https://registry.npmjs.org/invariant/-/invariant-2.2.4.tgz 868ms (cache miss)
1880 http fetch GET 200 https://registry.npmjs.org/flow-enums-runtime/-/flow-enums-runtime-0.0.6.tgz 870ms (cache miss)
1881 http fetch GET 200 https://registry.npmjs.org/yargs/-/yargs-17.7.2.tgz 876ms (cache miss)
1882 http fetch GET 200 https://registry.npmjs.org/ansi-regex/-/ansi-regex-5.0.1.tgz 872ms (cache miss)
1883 http fetch GET 200 https://registry.npmjs.org/commander/-/commander-12.1.0.tgz 876ms (cache miss)
1884 http fetch GET 200 https://registry.npmjs.org/babel-plugin-syntax-hermes-parser/-/babel-plugin-syntax-hermes-parser-0.33.3.tgz 876ms (cache miss)
1885 http fetch GET 200 https://registry.npmjs.org/base64-js/-/base64-js-1.5.1.tgz 876ms (cache miss)
1886 http fetch GET 200 https://registry.npmjs.org/memoize-one/-/memoize-one-5.2.1.tgz 880ms (cache miss)
1887 http fetch GET 200 https://registry.npmjs.org/anser/-/anser-1.4.10.tgz 882ms (cache miss)
1888 http fetch GET 200 https://registry.npmjs.org/semver/-/semver-7.7.4.tgz 885ms (cache miss)
1889 http fetch GET 200 https://registry.npmjs.org/abort-controller/-/abort-controller-3.0.0.tgz 898ms (cache miss)
1890 http fetch GET 200 https://registry.npmjs.org/metro-runtime/-/metro-runtime-0.84.4.tgz 900ms (cache miss)
1891 http fetch GET 200 https://registry.npmjs.org/@babel/traverse/-/traverse-7.29.0.tgz 937ms (cache miss)
1892 http fetch GET 200 https://registry.npmjs.org/@react-native/normalize-colors/-/normalize-colors-0.85.2.tgz 932ms (cache miss)
1893 http fetch GET 200 https://registry.npmjs.org/@react-native/js-polyfills/-/js-polyfills-0.85.2.tgz 951ms (cache miss)
1894 http fetch GET 200 https://registry.npmjs.org/react/-/react-19.2.5.tgz 951ms (cache miss)
1895 http fetch GET 200 https://registry.npmjs.org/statuses/-/statuses-2.0.2.tgz 961ms (cache miss)
1896 http fetch GET 200 https://registry.npmjs.org/on-finished/-/on-finished-2.4.1.tgz 975ms (cache miss)
1897 http fetch GET 200 https://registry.npmjs.org/statuses/-/statuses-2.0.2.tgz 976ms (cache miss)
1898 http fetch GET 200 https://registry.npmjs.org/@react-native/assets-registry/-/assets-registry-0.85.2.tgz 976ms (cache miss)
1899 http fetch GET 200 https://registry.npmjs.org/@react-native/virtualized-lists/-/virtualized-lists-0.85.2.tgz 978ms (cache miss)
1900 http fetch GET 200 https://registry.npmjs.org/metro-source-map/-/metro-source-map-0.84.4.tgz 980ms (cache miss)
1901 http fetch GET 200 https://registry.npmjs.org/debug/-/debug-2.6.9.tgz 999ms (cache miss)
1902 http fetch GET 200 https://registry.npmjs.org/source-map/-/source-map-0.6.1.tgz 1011ms (cache miss)
1903 http fetch GET 200 https://registry.npmjs.org/encodeurl/-/encodeurl-2.0.0.tgz 1013ms (cache miss)
1904 http fetch GET 200 https://registry.npmjs.org/supports-color/-/supports-color-7.2.0.tgz 1013ms (cache miss)
1905 http fetch GET 200 https://registry.npmjs.org/ms/-/ms-2.0.0.tgz 1013ms (cache miss)
1906 http fetch GET 200 https://registry.npmjs.org/ci-info/-/ci-info-3.9.0.tgz 1019ms (cache miss)
1907 http fetch GET 200 https://registry.npmjs.org/commander/-/commander-2.20.3.tgz 1025ms (cache miss)
1908 http fetch GET 200 https://registry.npmjs.org/ms/-/ms-2.0.0.tgz 1025ms (cache miss)
1909 http fetch GET 200 https://registry.npmjs.org/hermes-parser/-/hermes-parser-0.33.3.tgz 1043ms (cache miss)
1910 http fetch GET 200 https://registry.npmjs.org/hermes-estree/-/hermes-estree-0.35.0.tgz 1045ms (cache miss)
1911 http fetch GET 200 https://registry.npmjs.org/@react-native/community-cli-plugin/-/community-cli-plugin-0.85.2.tgz 1052ms (cache miss)
1912 http fetch GET 200 https://registry.npmjs.org/ms/-/ms-2.0.0.tgz 1052ms (cache miss)
1913 http fetch GET 200 https://registry.npmjs.org/debug/-/debug-2.6.9.tgz 1053ms (cache miss)
1914 http fetch GET 200 https://registry.npmjs.org/debug/-/debug-2.6.9.tgz 1059ms (cache miss)
1915 http fetch GET 200 https://registry.npmjs.org/debug/-/debug-2.6.9.tgz 1062ms (cache miss)
1916 http fetch GET 200 https://registry.npmjs.org/encodeurl/-/encodeurl-2.0.0.tgz 1068ms (cache miss)
1917 http fetch GET 200 https://registry.npmjs.org/ms/-/ms-2.0.0.tgz 1086ms (cache miss)
1918 http fetch GET 200 https://registry.npmjs.org/semver/-/semver-6.3.1.tgz 1094ms (cache miss)
1919 http fetch GET 200 https://registry.npmjs.org/fdir/-/fdir-6.5.0.tgz 1099ms (cache miss)
1920 http fetch GET 200 https://registry.npmjs.org/semver/-/semver-6.3.1.tgz 1104ms (cache miss)
1921 http fetch GET 200 https://registry.npmjs.org/picomatch/-/picomatch-4.0.4.tgz 1113ms (cache miss)
1922 http fetch GET 200 https://registry.npmjs.org/hermes-estree/-/hermes-estree-0.35.0.tgz 1118ms (cache miss)
1923 http fetch GET 200 https://registry.npmjs.org/ansi-styles/-/ansi-styles-5.2.0.tgz 1128ms (cache miss)
1924 http fetch GET 200 https://registry.npmjs.org/@babel/core/-/core-7.29.0.tgz 1148ms (cache miss)
1925 http fetch GET 200 https://registry.npmjs.org/@babel/types/-/types-7.29.0.tgz 1182ms (cache miss)
1926 http fetch GET 200 https://registry.npmjs.org/hermes-parser/-/hermes-parser-0.35.0.tgz 1217ms (cache miss)
1927 http fetch GET 200 https://registry.npmjs.org/hermes-parser/-/hermes-parser-0.35.0.tgz 1246ms (cache miss)
1928 http fetch GET 200 https://registry.npmjs.org/@babel/helpers/-/helpers-7.29.2.tgz 1260ms (cache miss)
1929 http fetch GET 200 https://registry.npmjs.org/react-devtools-core/-/react-devtools-core-6.1.5.tgz 1286ms (cache miss)
1930 http fetch GET 200 https://registry.npmjs.org/@react-native/gradle-plugin/-/gradle-plugin-0.85.2.tgz 1314ms (cache miss)
1931 http fetch GET 200 https://registry.npmjs.org/@react-native/codegen/-/codegen-0.85.2.tgz 1332ms (cache miss)
1932 http fetch GET 200 https://registry.npmjs.org/metro/-/metro-0.84.4.tgz 1408ms (cache miss)
1933 http fetch GET 200 https://registry.npmjs.org/caniuse-lite/-/caniuse-lite-1.0.30001791.tgz 1579ms (cache miss)
1934 http fetch GET 200 https://registry.npmjs.org/hermes-compiler/-/hermes-compiler-250829098.0.10.tgz 1615ms (cache miss)
1935 http fetch GET 200 https://registry.npmjs.org/@react-native/debugger-frontend/-/debugger-frontend-0.85.2.tgz 1879ms (cache miss)
1936 http fetch GET 200 https://registry.npmjs.org/react-native/-/react-native-0.85.2.tgz 3323ms (cache miss)
1937 silly ADD node_modules/is-fullwidth-code-point
1938 silly ADD node_modules/emoji-regex
1939 silly ADD node_modules/wrap-ansi
1940 silly ADD node_modules/strip-ansi
1941 silly ADD node_modules/yargs-parser
1942 silly ADD node_modules/y18n
1943 silly ADD node_modules/string-width
1944 silly ADD node_modules/require-directory
1945 silly ADD node_modules/get-caller-file
1946 silly ADD node_modules/cliui
1947 silly ADD node_modules/isexe
1948 silly ADD node_modules/tmpl
1949 silly ADD node_modules/makeerror
1950 silly ADD node_modules/escalade
1951 silly ADD node_modules/is-number
1952 silly ADD node_modules/buffer-from
1953 silly ADD node_modules/source-map-support
1954 silly ADD node_modules/source-map-support/node_modules/source-map
1955 silly ADD node_modules/acorn
1956 silly ADD node_modules/@jridgewell/source-map
1957 silly ADD node_modules/has-flag
1958 silly ADD node_modules/type-fest
1959 silly ADD node_modules/shebang-regex
1960 silly ADD node_modules/toidentifier
1961 silly ADD node_modules/setprototypeof
1962 silly ADD node_modules/range-parser
1963 silly ADD node_modules/mime
1964 silly ADD node_modules/http-errors
1965 silly ADD node_modules/http-errors/node_modules/statuses
1966 silly ADD node_modules/fresh
1967 silly ADD node_modules/etag
1968 silly ADD node_modules/destroy
1969 silly ADD node_modules/depd
1970 silly ADD node_modules/send
1971 silly ADD node_modules/send/node_modules/statuses
1972 silly ADD node_modules/send/node_modules/on-finished
1973 silly ADD node_modules/send/node_modules/encodeurl
1974 silly ADD node_modules/send/node_modules/debug
1975 silly ADD node_modules/send/node_modules/debug/node_modules/ms
1976 silly ADD node_modules/shell-quote
1977 silly ADD node_modules/inherits
1978 silly ADD node_modules/asap
1979 silly ADD node_modules/react-is
1980 silly ADD node_modules/ee-first
1981 silly ADD node_modules/mime-db
1982 silly ADD node_modules/to-regex-range
1983 silly ADD node_modules/fill-range
1984 silly ADD node_modules/braces
1985 silly ADD node_modules/terser
1986 silly ADD node_modules/terser/node_modules/commander
1987 silly ADD node_modules/metro-minify-terser
1988 silly ADD node_modules/vlq
1989 silly ADD node_modules/ob1
1990 silly ADD node_modules/@babel/runtime
1991 silly ADD node_modules/node-int64
1992 silly ADD node_modules/bser
1993 silly ADD node_modules/walker
1994 silly ADD node_modules/micromatch
1995 silly ADD node_modules/fb-watchman
1996 silly ADD node_modules/leven
1997 silly ADD node_modules/jest-get-type
1998 silly ADD node_modules/camelcase
1999 silly ADD node_modules/yaml
2000 silly ADD node_modules/jest-validate
2001 silly ADD node_modules/agent-base
2002 silly ADD node_modules/https-proxy-agent
2003 silly ADD node_modules/exponential-backoff
2004 silly ADD node_modules/color-name
2005 silly ADD node_modules/color-convert
2006 silly ADD node_modules/ansi-styles
2007 silly ADD node_modules/@types/yargs-parser
2008 silly ADD node_modules/@types/istanbul-lib-report
2009 silly ADD node_modules/@sinclair/typebox
2010 silly ADD node_modules/@types/yargs
2011 silly ADD node_modules/@types/istanbul-reports
2012 silly ADD node_modules/@types/istanbul-lib-coverage
2013 silly ADD node_modules/@jest/schemas
2014 silly ADD node_modules/picomatch
2015 silly ADD node_modules/chalk
2016 silly ADD node_modules/chalk/node_modules/supports-color
2017 silly ADD node_modules/@jest/types
2018 silly ADD node_modules/supports-color
2019 silly ADD node_modules/merge-stream
2020 silly ADD node_modules/jest-util
2021 silly ADD node_modules/jest-util/node_modules/ci-info
2022 silly ADD node_modules/queue
2023 silly ADD node_modules/stackframe
2024 silly ADD node_modules/negotiator
2025 silly ADD node_modules/throat
2026 silly ADD node_modules/source-map
2027 silly ADD node_modules/serialize-error
2028 silly ADD node_modules/mime-types
2029 silly ADD node_modules/metro-transform-worker
2030 silly ADD node_modules/metro-transform-plugins
2031 silly ADD node_modules/metro-symbolicate
2032 silly ADD node_modules/metro-resolver
2033 silly ADD node_modules/metro-file-map
2034 silly ADD node_modules/metro-cache-key
2035 silly ADD node_modules/metro-cache
2036 silly ADD node_modules/metro-babel-transformer
2037 silly ADD node_modules/metro-babel-transformer/node_modules/hermes-estree
2038 silly ADD node_modules/metro-babel-transformer/node_modules/hermes-parser
2039 silly ADD node_modules/lodash.throttle
2040 silly ADD node_modules/jsc-safe-url
2041 silly ADD node_modules/jest-worker
2042 silly ADD node_modules/image-size
2043 silly ADD node_modules/graceful-fs
2044 silly ADD node_modules/error-stack-parser
2045 silly ADD node_modules/ci-info
2046 silly ADD node_modules/accepts
2047 silly ADD node_modules/yallist
2048 silly ADD node_modules/marky
2049 silly ADD node_modules/is-docker
2050 silly ADD node_modules/loose-envify
2051 silly ADD node_modules/hermes-estree
2052 silly ADD node_modules/unpipe
2053 silly ADD node_modules/statuses
2054 silly ADD node_modules/on-finished
2055 silly ADD node_modules/escape-html
2056 silly ADD node_modules/encodeurl
2057 silly ADD node_modules/ms
2058 silly ADD node_modules/which
2059 silly ADD node_modules/shebang-command
2060 silly ADD node_modules/path-key
2061 silly ADD node_modules/utils-merge
2062 silly ADD node_modules/parseurl
2063 silly ADD node_modules/finalhandler
2064 silly ADD node_modules/finalhandler/node_modules/ms
2065 silly ADD node_modules/finalhandler/node_modules/debug
2066 silly ADD node_modules/mkdirp
2067 silly ADD node_modules/undici-types
2068 silly ADD node_modules/lighthouse-logger
2069 silly ADD node_modules/lighthouse-logger/node_modules/ms
2070 silly ADD node_modules/lighthouse-logger/node_modules/debug
2071 silly ADD node_modules/is-wsl
2072 silly ADD node_modules/escape-string-regexp
2073 silly ADD node_modules/@types/node
2074 silly ADD node_modules/update-browserslist-db
2075 silly ADD node_modules/node-releases
2076 silly ADD node_modules/electron-to-chromium
2077 silly ADD node_modules/caniuse-lite
2078 silly ADD node_modules/baseline-browser-mapping
2079 silly ADD node_modules/event-target-shim
2080 silly ADD node_modules/fb-dotslash
2081 silly ADD node_modules/cross-spawn
2082 silly ADD node_modules/serve-static
2083 silly ADD node_modules/serve-static/node_modules/encodeurl
2084 silly ADD node_modules/open
2085 silly ADD node_modules/connect
2086 silly ADD node_modules/connect/node_modules/ms
2087 silly ADD node_modules/connect/node_modules/debug
2088 silly ADD node_modules/chromium-edge-launcher
2089 silly ADD node_modules/chrome-launcher
2090 silly ADD node_modules/@react-native/debugger-shell
2091 silly ADD node_modules/@react-native/debugger-frontend
2092 silly ADD node_modules/@isaacs/ttlcache
2093 silly ADD node_modules/metro-core
2094 silly ADD node_modules/metro-config
2095 silly ADD node_modules/metro
2096 silly ADD node_modules/metro/node_modules/hermes-estree
2097 silly ADD node_modules/metro/node_modules/hermes-parser
2098 silly ADD node_modules/@react-native/dev-middleware
2099 silly ADD node_modules/@jridgewell/resolve-uri
2100 silly ADD node_modules/@jridgewell/sourcemap-codec
2101 silly ADD node_modules/@babel/helper-string-parser
2102 silly ADD node_modules/@babel/helper-globals
2103 silly ADD node_modules/@babel/helper-module-imports
2104 silly ADD node_modules/lru-cache
2105 silly ADD node_modules/browserslist
2106 silly ADD node_modules/@babel/helper-validator-option
2107 silly ADD node_modules/@babel/compat-data
2108 silly ADD node_modules/jsesc
2109 silly ADD node_modules/@jridgewell/trace-mapping
2110 silly ADD node_modules/@jridgewell/gen-mapping
2111 silly ADD node_modules/picocolors
2112 silly ADD node_modules/js-tokens
2113 silly ADD node_modules/@babel/helper-validator-identifier
2114 silly ADD node_modules/json5
2115 silly ADD node_modules/gensync
2116 silly ADD node_modules/debug
2117 silly ADD node_modules/convert-source-map
2118 silly ADD node_modules/@jridgewell/remapping
2119 silly ADD node_modules/@babel/types
2120 silly ADD node_modules/@babel/traverse
2121 silly ADD node_modules/@babel/template
2122 silly ADD node_modules/@babel/helpers
2123 silly ADD node_modules/@babel/helper-module-transforms
2124 silly ADD node_modules/@babel/helper-compilation-targets
2125 silly ADD node_modules/@babel/helper-compilation-targets/node_modules/semver
2126 silly ADD node_modules/@babel/generator
2127 silly ADD node_modules/@babel/code-frame
2128 silly ADD node_modules/hermes-parser
2129 silly ADD node_modules/@babel/parser
2130 silly ADD node_modules/@babel/core
2131 silly ADD node_modules/@babel/core/node_modules/semver
2132 silly ADD node_modules/yargs
2133 silly ADD node_modules/ws
2134 silly ADD node_modules/whatwg-fetch
2135 silly ADD node_modules/tinyglobby
2136 silly ADD node_modules/tinyglobby/node_modules/picomatch
2137 silly ADD node_modules/tinyglobby/node_modules/fdir
2138 silly ADD node_modules/stacktrace-parser
2139 silly ADD node_modules/semver
2140 silly ADD node_modules/scheduler
2141 silly ADD node_modules/regenerator-runtime
2142 silly ADD node_modules/react-refresh
2143 silly ADD node_modules/react-devtools-core
2144 silly ADD node_modules/promise
2145 silly ADD node_modules/pretty-format
2146 silly ADD node_modules/pretty-format/node_modules/ansi-styles
2147 silly ADD node_modules/nullthrows
2148 silly ADD node_modules/metro-source-map
2149 silly ADD node_modules/metro-runtime
2150 silly ADD node_modules/memoize-one
2151 silly ADD node_modules/invariant
2152 silly ADD node_modules/hermes-compiler
2153 silly ADD node_modules/flow-enums-runtime
2154 silly ADD node_modules/commander
2155 silly ADD node_modules/base64-js
2156 silly ADD node_modules/babel-plugin-syntax-hermes-parser
2157 silly ADD node_modules/ansi-regex
2158 silly ADD node_modules/anser
2159 silly ADD node_modules/abort-controller
2160 silly ADD node_modules/@react-native/virtualized-lists
2161 silly ADD node_modules/@react-native/normalize-colors
2162 silly ADD node_modules/@react-native/js-polyfills
2163 silly ADD node_modules/@react-native/gradle-plugin
2164 silly ADD node_modules/@react-native/community-cli-plugin
2165 silly ADD node_modules/@react-native/codegen
2166 silly ADD node_modules/@react-native/assets-registry
2167 silly ADD node_modules/react
2168 silly ADD node_modules/react-native
2169 verbose cwd /data/data/com.termux/files/home/MyApp
2170 verbose os Linux 6.6.77-android15-8-31998796-abogkiS938USQS9BZCL-4k
2171 verbose node v25.8.2
2172 verbose npm  v11.13.0
2173 verbose exit 0
2174 info ok
